english,arabic
 accessory,إضافي
 accordingly,وفقا لذلك
 adjacent,مجاور
 adolescent,يافع
 advantage,"ميزة, فائدة"
 analgesic,مسكن
 anteroposterior,أمامي خلفي
 approximation,"تقدير تقريبي, قيمة تقريبية, تقريب ، مقاربة"
 arbitrary,"اعتباطي, متحاكم, كيفي, استبدادي"
 arranged,منسق ، رتب ، نظم ، سوى ، سوي ، عدل ، كيف
 aspects,النواحي ، الوجوه
 assess,قيم
 assessing,تقييم
 Associated,مرتبط، مصحوب
 Athetoid,كنعاني
 athletes,الرياضيون
 athletics,الالعاب الرياضية
 blight,مفسدة ، أفسد
 blight,لفحة ، مفسدة، جفاف، آفة زراعية
 BURSA,جراب
 bursitis,التهاب الجراب
 captions,التعليقات
 carried out,"منجز, منفذ"
 cephalic,رأسي
 characteristics,الخصائص
 clarity,الوضوح
 classically,بشكل كلاسيكي
 Cleidocranial,ترقوي قحفي
 clinicians,الأطباء السريريون
 clubfeet,الأقدام الحنفاء
 clumsy,الأخرق (غير الملائم ، غير الرشيق)
 coalition,اندماج
 commendable,جدير بالثناء
 competition,المنافسة ، التنافس
 competitive,تنافسي
 completeness,"كمال, تتميم, تكملة"
 completeness,كمال
 concentrated,"مركز, مكثف, كثيف"
 Conditions,حالات ، ظروف
 conoid,شبيه بالمخروط
 considerably,إلى حد كبير
 considerably,"جدا, كثيرا"
 considerations,اعتبارات
 controversial,"مثير للجدل ، خلافي, جدلي"
 convention,مؤتمر، اجتماع ، معاهدة، اتفاقية، ميثاق ، عرف، تقليد، اصطلاح
 conventions,موضعات ، مؤتمرات ، اجتماعات ، معاهدات ، اتفاقيات ، أعراف ، تقاليد
 coracoclavicular,غرابي ترقوي
 couch potato,شخص كسول
 criterium,معيار، مقياس
 criticism,النقد
 crouched,ينحني ، جاثم
 curing,تصليب
 decade,العقد
 defect,عيب
 deliberate,"متأن, متمهل"
 deliberate,متعمد
 deltotrapezial,الدالية شبه المنحرفة
 destabilizing,الزعزعة
 deteriorate,تدهور
 diarthrodial,مفصل زليلي
 dilutional,تمددي
 diminishing,تقليل
 dimpling,ترصع
 diplegic,شللي مزدوج
 disc,قرص
 discomfort,إزعاج ، انزعاج
 disrupted,ممزق
 distinct,متميز
 distinction,"تميز, فرق, علامة فارقة, امتياز, وجاهة, اختلاف, فارق, سمو, تفوق, وسام"
 distribute,وزع
 dotting every 'i' and crossing every 't',لا يترك شاردة ولا واردة
 dynamic,ديناميكي
 dyskinetic,مختل الحركة
 dystonic,مختل التوتر
 eavesdropping,الإنصات
 effectiveness,فعالية
 elastic,مرن
 emphasis,تأكيد
 encyclopaedic,موسوعي
 epidemiology,الوبائيات
 epiphyseal,مشاشي
 etiology,السببيات
 evertor,مشنفة (قالبة للخارج)
 exacerbate,"فاقم, استفحل, زاد الألم, أثار"
 exacerbated,مثار
 excise,أزال
 excision,استئصال
 existence,الوجود
 expense,"نفقة, منصرف, إنفاق"
 experienced,"ذو تجربة, خبير, متمرس, معانى بالتجربة, محنك"
 extrinsic,خارجي
 facet,وجيه
 facets,وجيهات
 fascia,لفافة
 fibrocartilaginous,غضروف ليفي
 football,كرة القدم
 fraction,جزء
 global,شامل
 Gravitational,تجاذبي
 guarded,"حذر, متسم بالحذر"
 Gymnastics,الجمباز
 heavy,ثقيل
 highlight,وضح، أبرز
 highlighted,مبرز ، موضح
 hockey,"الهوكي (اسم لعبة, وهي لعبة الكرة الخشبية و الصولجان)"
 Hypermobility,فرط حركية
 illustrated,مصور
 illustrations,الإيضاحات
 Immunized,محصن، ملقح، ممنع
 impinging,الارتطام
 in practice if not in principle,عمليا إن لم يكن مبدئيا
 incidental,"تصادفي, ليس ذو أهمية, طارئ, عرضي, حادث عارض"
 independence,الاستقلال
 independence,"استقلال, حرية"
 indication,استطباب
 individual,الفرد
 ineffectiveness,عدم الفعالية
 inexperienced,عديم الخبرة
 inferiorly,بشكل سفلي (سفليا)
 informative,"غني بالمعلومات المفيدة, مثقف"
 inspected,"مفحوص, مفتش, مدقق"
 intact,سليم
 interposed,موسط
 Interpreted,مفسر
 into,"في ، داخل, إلى"
 intra-articular,داخل المفصل
 intrinsic,داخلي
 investigation,استقصاء
 involved,مكتنف
 involvement,"تورط, مشاركة"
 Issue,"نسل, إصدار"
 laborers,العمال
 lacrosse,اللاكروس (لعبة)
 land,هبط
 landmarks,المعالم
 lengthy,"طويل, مطول, مسهب"
 limitation,التقييد
 linear,"مؤلف من خطوط, طولي, خطي, ، خطي ، تخطيطي"
 linear,خطي
 local,موضعي
 look out,حذر، انتبه
 L-spine,L-العمود الفقري
 lupus,الذئبة
 magnitude,"كمية, مقدار"
 magnitudes,حجوم
 malalignment,سوء التنضيد
 manual,يدوي
 measures,اجراءات ، تدابير
 Microvascular,الأوعية الدقيقة
 mileage,المسافة بالميل
 milestones,المعالم
 musculotendinous,عضلي وتري
 navicular,زورقي
 Nevertheless,وبالرغم من ذلك
 nevertheless,على الرغم من هذا
 non invasive,غير مؤذي
 Nonreconstructable,غير قابل لإعادة البناء
 obscure,غامض
 observed,"ملاحظ, مراقب"
 opportunity,فرصة
 ossicle,عظيمة
 ossicles,عظيمات
 outer,خارجي
 outstretched,ممدود
 overhead,فوق الرأس
 overhear,اسمع ، سمع مصادفة
 painless,غير مؤلم ، بدون ألم
 parade,استعرض
 parallels,المتوازيات ، يوازي
 paratenon,مجاور الوتر
 Participating,المشاركة
 participation,مشاركة
 pass,يمر
 patulous,متسع
 pertinent,وثيق الصلة
 Plagiocephaly,دنح
 plexopathy,اعتلال الضفيرة
 point out,أشار إلى، أكد
 pointed,مؤنف ، مستدق ، مذبب
 posteriorly,بشكل خلفي (خلفيا)
 posteromedial,خلفي إنسي
 posterosuperior,خلفي علوي
 predicated,مسند
 predominance,السيطرة
 presumed,"مفترض, معتبر"
 prevalence,الانتشار
 prevention,"منع, وقاية"
 primigravida,خروس
 prominence,بروز ، نتوء
 proven,مثبت
 purposely,عن قصد
 reconstruction,إعادة البناء
 recreational,ترفيهي
 reference,مصدر ، مرجع،
 references,المصادر ، المراجع
 regarding,"في ما يختص ب, في ما يتعلق ب, في ما يتصل ب ، بخصوص"
 regardless,مهما يكن
 regional,"منطقي, محلي"
 representative,"تمثيلي, نموذجي ، ممثل, مندوب"
 respectively,على التوالي
 retaining,احتفاظ
 retaining,الاحتفاظ
 rostral,منقاري
 rounded,مدور
 rugby,الروكبي (لعبة تشبه كرة القدم)
 runners,العدائين
 samaritan,السامري، أحد أبناء السامرة بفلسطين
 sclerotome,بضعة عظمية
 separation,الافتراق
 sequence,سلسلة ، متوالية
 shades,الظلال
 sheath,غمد
 sheath,الغمد
 simplification,إيضاح، تيسير، تبسيط
 situated,"قائم, كائن, في حالة معينة, واقع على"
 skeletally,بشكل هيكلي (هيكليا)
 sling,"حمالة الكتف, معلاق"
 sparing,استبقاء
 spatial,"حيزي, مكاني"
 spinal cord injury,إصابة الحبل الشوكي
 spondylo,الفقرة
 stabilize,"ثبت, استقر"
 stabilized,مستقر
 step,درجة
 step-off,درجة
 strengthening,تقوية
 stress,اجهاد
 stress,اصر على
 stripping,تعرية
 subcutaneous,تحت الجلد
 subside,يختفي
 suffice,"كفى, وفى بالغرض"
 superiorly,بشكل علوي (علويا)
 surrounded,محاط
 suture,"قطب الجرح, خاط ، خياطة"
 symptomatic,"عرضي, أعراضي, دال على"
 symptomatology,طب الأعراض ، مبحث الأعراض
 synonym,مترادف، مرادف
 synonyms,المرادفات
 tax,أرهق
 telescope,تداخل ، تداخلي
 tendinosis,اعتلال وتري
 tendinosuture,خياطة الوتر
 through,خلال
 tibiale,مجاور للظنبوب (عظم في الجنين)
 tilt,الميل ، مائل
 transection,قطع
 transfer,النقل
 trapezoid,شبه منحرف
 traumatic,رضي
 undue,"غير ضروري, غير مناسب ، لا داعي له"
 uniform,موحد
 unremarkable,عادي
 usefulness,"جدوى، نفع, الفائدة"
 variant,"مختلف, متنوع ، المغاير ، شكل مختلف, تهجية مختلفة, المتخالف"
 volvulus,انفتال
 walking ability,القدرة على المشي
 wavy,متموج
 weighted,مع حمل وزن
 wiring,إسلاك (تثبيت بالسلك)
 with respect to,بخصوص، فيما يتعلق بـ
 wrestling,المصارعة
 x-ray,الأشعة السينية
a fly in the ointment,ظهرت بعض المنغصات
ablation,انفصال استئصال بالجراحة
abnormalities,الاضطرابات ، شذوذات
abnormalities,تشوهات
abnormality,شذوذ
abnormality,شذوذ ، اضطراب
Abrasion,السحج ، الكشط
abstinence,امتناع
accentuate,أبرز
accessory,إضافي
accompaniment,"مرافقة, مصاحبة"
accompaniments,تلازم، مرافقة ، مصاحبة
Achondroplasia,عدم التصنع الغضروفي (الودانة)
activated,مفعلة
actively,بشكل فاعل
adductus,تقريب
adjacent,مجاور
administered,يعطى
Administration,التدبير
adolescent,يافع
affected,مصاب بـ
affected,مصاب
aggravate,أثار، فاقم، صعد
aggravate,أغضب، أثار، فاقم، صعد
aggravating,"متفاقم, مشدد"
aggravating,"مزعج, متفاقم, مشدد"
agitation,التحريك
agitation,تحريك
aligned,مرتصف ، مصطف
aligned,اصطف
allergic,ارجي
allergic reaction,الارتكاس الأرجي (الحساسية)
allograft,طعم خيفي (طعم من فرد ينتمي لنفس النوع)
alteration,تبدل ، تغيير
altered,مبدل، مبدل، معدل، مغير، مستبدل ، تغير
ambulatory,القادرين على السير
ambulatory,القادرين على المشي
ambulatory, قادر على السير
Ambulatory patients,المرضى القادرين على السير
amplify,يضخم
Amyoplasia,قصور التعضل
analgesics,مسكنات
anatomical,تشريحي
anatomist,"مشرح, عالم التشريح"
anchors,المراس
anchors,ارتكز
anchors,ارتكز ، المراسي
aneurysm,أم الدم
aneurysms,أمهات الدم
ankylosis,قسط
anomalies,العيوب
anonymous,لا مسمى ، مجهول الاسم
anti-inflammatory,مضاد الالتهاب
antilordotic,مضاد للقعس
Apophysitis,التهاب النتوء
applicable,"قابل للتطبيق, قابل للاستعمال"
Appreciate,قدر
approaches,الطرق
arbitrary,اعتباطي ، كيفي
arch,قوس
arches,اقواس
arranging,"تنظيم, ترتيب ، تنسيق"
arthrodesis,إيثاق المفصل
arthrogram,صورة المفصل الشعاعية الظليلة
arthrography,تصوير المفصل الظليل
arthrogryposis,اعوجاج المفصل
arthroplasty,رأب (تصنيع) مفصل
arthroscopy,تنظير المفصل
as well,"أيضا, كذلك, بالإضافة إلى"
aspect,جانب، مظهر، وجهة نظر
aspects,النواحي
Aspiration,رشف
assess,قيم
assiduously,باجتهاد
Associations,تصاحب
assumed,مفترض ، افترض
Assumption,"افترض, تول, تولي المنصب, افتراض, ظهور, ادعاء"
asymptomatic,غير عرضي
Asymptomatic,عديم الأعراض
atavistic,رجعي ، تراجعي
Atavistic,رجعي
ataxic,رنحي
athetoid,المكنوعين
attention deficit hyperactivity disorder,اضطراب نقص الانتباه وفرط النشاط
augment,يزداد ، ارتفاع
auscultation,تسمع ، اصغاء
automatic,"أوتوماتيكي, آلي الحركة, ذاتي الحركة, تلقائي"
autosomal,صبغي جسدي
Autosomal dominant,وراثي جسدي سائد (جسمي قاهر)
Autosomal recessive,وراثي جسدي متنحي (جسمي مقهور)
bars,قضبان
beaded,المعجر (المطرز)
beaking,تمنقر
beaks,المناقير
bearing,وقفة
beg,"التمس, افترض جدلا"
begs,"التمس, افترض جدلا,"
Biconcave,مقعر الوجهين
bilateral,ثنائي الجانب
block out,"قفل, انسداد"
bone age,العمر العظمي
bone scans,مسح العظام بالأشعة
boot,"جزمة، نعل, الحذاء, حذاء طويل, سوقاء (حذاء طويل الساق)"
boot,"جزمة، نعل ، الحذاء ، حذاء طويل, سوقاء (حذاء طويل الساق)"
brace,سناد
bracing,التثبيت بسناد
bracing,تثبيت بدعامة
bracing,وضع سناد
bruising,تكدم
bruit,لغط
Bystander,متفرج، غير مشترك
calcaneovalgus,عقبي فحجي
Caregivers,مقدمي الرعاية
carpectomy,استئصال عظام الرسغ
carried,محمول
Casting,التجبير بقالب جبسي
cataract,ساد
Cataracts,حالات الساد
categorized,مصنف
caudad,ذنبيا (باتجاه الذنب)
cavus,حنف خمصي
cephalad,رأسيا (باتجاه الرأس)
Cerebrospinal fluid,السائل الدماغي الشوكي
cervical,رقبية
challenge,التحدي
CHARACTER,خاصية
characteristics,خصائص
checklist,قائمة التدقيق
chondrolytic,حال للغضروف
chondroplasia,تكوين الغضروف
chromosome,صبغي
circumstances,الظروف
click,طقطقة
clicks,طقطقات
Clinical presentation,الأعراض السريرية
Clubfoot,قدم مضربية
clue,"مفتاح الحل, دليل"
CMT,مختصر شاركو-ماري-توث
coagulation,تخثر
coagulopathic,اعتلال تخثري
coagulopathy,اضطرابات التخثر
coalition,اندماج
coalitions,الالتحامات
cocci,مكورات
codfish,سمك القد
coexpressed,شارك في التعبير
complemented,متمم
compliance,المطاوعة (الامتثال)
composed,مركب
compromise,اختراق
concertina,أكورديون صغير
concomitant,مصاحب
conduct,تصرف
conducted,مجرى
conduction,توصيل
confined,محجوز، محصور
confined spaces,الأماكن الضيقة
confines,حدود
conflict,نزاع ، صراع
conflicts,نزاعات ، صراعات
confused with,تختلط مع
consciously,"بإدراك, بوعي"
consequently,"إذن, هكذا, بناء على ذلك ، ولذلك"
consider,التفكير
considerations,اعتبارات
consistent, ملائم، متناغم، متماسك، متسق، متناسق، متين
constitute,"شكل ، عين, سن تشريعات, نصب, ألف, شكل"
constriction,تضيق
constrictions,تضيقات
contact sports,الرياضات التي فيها احتكاك جسدي
contained,تحتوى
Containment,الاحتواء
contemporary,"معاصر, متواقت, حديث ، جديد"
contour,خط المحيط
contours,الخطوط المحيطة ، الحواف
contracture,تقفع
Contracture,الانكماش
contractures,انكماشات
contributors,المساهمون
controlling,المتحكم في
convex pes valgus,القدم الفحجاء المحدبة (الحدباء)
Coronoid,الناتئ المنقاري
counter,قاوم، عاكس
countered,مقاوم ، معاكس
coupled with,مقترن مع
course,"سير, طريق, مسار"
coverage,تغطية
coxa valga,ورك فحجاء
Crankshaft,عمود مرفقي ، ناقل الحركة
C-reactive protein,البروتين الارتكاسي C
create,أحدث
crepitus,فرقعة
crescent-shaped,هلالي الشكل
crippling,إقعاد
criteria,معايير ، مقاييس
criterion,معيار، مقياس
crossmatched,مصالب
crossmatched,ومصالب
crouched gait,مشية الانحناء (الجثم)
crowds,الزحام
cryotherapy,معالجة بالبرد
C-shaped,على شكل C
culture,زرع
cuneiform,إسفيني
cuneiforms,عظام اسفينية
cuneiforms,العظام الإسفينية
cup,لجف
cupping,تلجف (تشكل بشكل يشبه الكوب)
cutoff,حد ، قطع
Cut-off,القطع
cuts,قطوعات
Cyclic,حلقي
decompression,إزالة الضغط
defect,خلل ، عيب
defects,عيوب
deficiency,قصور
deficit,عوز
degeneration,تنكس
delayed bone age,تأخر العمر العظمي
delineate,حدد
delineating,تحديد
denervation,زوال التعصيب
deoxygenated,غير مؤكسج
departure,"مغادرة, مفارقة"
Departures,"مغادرة, مفارقة"
destabilizing,زعزعة
destructive,مخرب
deteriorate,تدهور
determination,"تحديد, تعيين"
deviation,انحراف
devise,ابتكر ، دبر ، توريث
diaphyses,أجدال
diastasis,افتراق
diastrophic,تشويهي
diastrophic dysplasia,خلل تنسج (حثل) تشويهي
dictate,"أمر, أملى"
didactic,تعليمي
differentiate,ميز ، يفرق
diminishing,تناقص ، تقليل
disabled,عاجز
discern,ميز ، تبين
discipline,نظام، انضباط ، انضباطية
discoloration,تغيير اللون ، تبدل اللون
disease,داء
dislocations,خلوع
displaced,تبدل ، متبدل
displaced,متبدلة
displacement,التبدل
displacement,تبدل
Disproportional,غير متناسب
disseminated,منشور، منتشر
distances,المسافات
distension,انتفاخ ، تمدد
distinct,"متميز, بارز, واضح, مختلف"
disturbance,اضطراب
disturbances,اضطرابات
disuse,عدم استعمال
dorsiflexors,العاطفات الظهرية
drainage,تصريف ، نزح
Duchenne muscular dystrophy,الحثل العضلي لدوشين
dynamized,مقوى
Dysfunction,خلل وظيفي
Dysplasia,خلل التنسج (حثل)
dystrophy,الحثل
effusion,انصباب
elicit,أثار
eliminated,مزال
elsewhere,في مكان آخر
end plate,صفيحة انتهائية
enhanced,تعزيز
ensue,"ولى, نشأ بوصفه نتيجة"
epidemiology,الوبائيات
equinus,قفد
estimation,تقدير
etiology,السببيات
evertors,القالبات للخارج
evolution,تطور ، تقدم
exacerbate,"فاقم, زاد, أثار"
exacerbate,"فاقم, استفحل, زاد الألم, أثار"
exacerbated,مثار
examination,فحص
excess,الزيادة
excised,مزال
expandable,متمدد ، قابل للتوسيع
expressed,معبر ، يتعبر
extent,امتداد
externum,متفاوت
facets,وجيهات
fibrocartilaginous,غضروف ليفي
finding,موجودة
findings,موجودات
fine,دقيق
fine-tip,ذروة دقيقة
fitting,"مناسب, ملائم ، يناسب"
flatfoot,قدم مسطحة
flexors,القابضات
flicker,ترجرج ، الرجفة
forequarter,الربع الأمامي
formed,"مشكل, مؤلف, مكون"
fuller,قصار
fused,مندمج
fusion,التحام
Gastrostomy,فغر المعدة
gastrostomy,فغر معدة
gene,مورثة
generalist,طبيب عام
generalized,معمم
genitourinary,البولي التناسلي
genotype,نمط جيني
genu valgum,ركبة فحجاء
glacial,جليدي ، ثلجي ، بارد
good Samaritan,المتطوع لإغاثة الغريب
grating,جرش ، مزعج
gratitude,امتنان ، عرفان بالجميل
Gravitational,تجاذبي
grossly,بشكل فادح
growth has halted,توقف النمو
guidelines,دلائل إرشادية
gymnast,جمبازي
gymnasts,لاعبي الجمباز
haemarthrosis,تدمي المفصل
Hazy,مغشى، ضبابي
healed,مندمل
heart-shaped,على شكل قلب
hedgehog,قنفذ
hemangiomas,الأورام الوعائية
hemarthrosis,تدمي المفصل
hematogenous,دموي المنشأ
hemihypertrophy,ضخامة شقية
hemiplegia,شلل نصفي
hemiplegic,شللي نصفي
Hemodialysis,التحال الدموي
hence,لذلك، من ثم، من ثمة، من هنا، من ثمت، من الآن
holding,مسك
hollow,تجويف
hydrocephalus,استسقاء الرأس
hygienic,تصححية
hyperextension,فرط البسط
Hypoplasia,نقص التنسج
identify,"ميز ، عين النوع ، مطابقة, المتطابقة, هوية ،  تماثل, تجانس ،  طابق"
if so,في هذه الحال
ileum,حرقفة
ill, سوء، بلاء، اضطراب
immunize,حصن، لقح، منع
immunocompetence,أهلية مناعية
impingement,ارتطام
impinging,ارتطام
in practice,عمليا
in terms of,من حيث
inborn,موروث
incapacity,"الإعياء ، عدم القدرة, الضعف عن"
incidence,حدوث
incidental,"تصادفي, طارئ, عرضي, حادث عارض ، عارضي"
incomplete,غير كامل
incorporate,دمج ، اتحد ، يضمن
indeed,"بالتأكيد, حقا, في الواقع, بالفعل, فعلا"
indicated,مستطب
Indications,استطبابات
indicator,المؤشر مشعر
individuality,"الفردية, شخصية"
inequality,عدم تساوي
inevitably,حتما
infarctions,احتشاءات
Infections,انتانات
infectious,انتاني
infiltration,ارتشاح
inheritance,وراثة
innominate,اللااسم له
insertion,مرتكز
insole,النعل الداخلي
In-sole,النعل الداخلي
inspected,معاين
inspection,"فحص, مراقبة ، معاينة"
instruct, علم، أرشد، ثقف، أعطى تعليمات، أعطى أوامر، أمر
instrumentation,استعمال الأدوات (الأجهزة)
insufficient,غير كافي
intensity,شدة، كثافة، قوة، حدة
interpedicular,بين السويقات
interposition,تدخل، تخلل ، توضيع بيني ، توسط
interspinous,بين السناسن
intimate,عميق ، حميم ، ودي
intimately,بحميمية
Intrasubstance,داخل المادة
introduced,مقدم
inversion,انقلاب للداخل
inverters,القالبات للداخل
investigations,استقصاءات
invoking,ناشد ، المناشدة ، التضرع
involved,مشارك ، مكتنف
irregularities,شذوذات
irregularity,شذوذية، شذوذ، لا نظامية، لا انتظام
is seen,يشاهد
issue,مسألة
kinky,ملتوي (غريب)
knock,طرقاء
knock-knees,ركب-طرقاء
Kyphoscoliosis,جنف حدابي
laminar,صفائحي
landmark,معلم
lengthening,تطويل
Ligamentotaxis,تطبيق قوة طولانية مستمرة (تفريق) لرد الكسر
lineman,مساعد الحكم
little,صغير
localized,تمركز، مركز، موضع
locomotor,حركي
lookout,انتبه، احذر ، رقيب، مراقبة
Look-out,المراقبة
loose,حرة
loose bodies,اجسام حرة
loose body,جسم حر
Lordotic,قعسي
lymphatic,لمفي
lysosomal,جسيمي حال
maddeningly,بشكل مثير للغضب ، بجنون
management,تدبير
mandatory,"إلزامي, إجباري"
manifest,يتظاهر
manifest with,يتظاهر ب
marker,قلم تعليم
massive,كتلي
maturity,النضج
meanings,المعاني
medication,معالجة ، دواء ، مداواة
menisci,الغضاريف الهلالية
meniscotibial,الهلالي الظنبوبي
Mesenchymal,لحمي متوسطي
metaplastic,حؤولي
midline,الخط الناصف
midthird,ثلث متوسط
mimic,مقلد ، محاكي
mineralisation,تمعدن
Minor,ثانوي
miscellaneous,متفرقات ، متنوع
misdiagnose,يغلط في التشخيص
mnemonic,مساعد للتذكر
mo,أشهر
mobilization,تحريك
modalities,وسائل
modality,وسيلة
modesty,"حياء, احتشام"
modifiers,معدلات
monophosphate,أحادي فوسفات
mucopolysaccharides,عديدات السكاريد المخاطية
mucopolysaccharidoses,أدواء عديدات السكاريد المخاطية
multiple epiphyseal dysplasia,خلل التنسج المشاشي المتعدد
multiple hereditary exostosis,العرن الوراثي العديد
muscular dystrophy,الحثل العضلي
musculoskeletal,العضلي الهيكلي
mutation,طفرة
myelination,تكون الميالين
myelomeningocele,قيلة نخاعية سحائية
namely,"أعني, أي, عنيت"
navicular,زورقي
necessitates,يستلزم
neoplasm,تنشؤ
neoplasms,تنشؤات
Neurofibromatosis,ورام ليفي عصبي
nevertheless,بالرغم من ذلك ، ومع ذلك
nonambulatory,غير القادرين على المشي
nonfunctional,غير وظيفي
Noninsertional,لا ارتكازي
nonobese,غير بدين
nonoperative,غير الجراحي
nonreconstructible,غير قابل لإعادة البناء
observation,مراقبة
oedema,وذمة
offered,معروض ، مقدم
offspring,نسل
often,غالبا
oligomeric,بلازميدة قليلة القسيمات
Once,حالما
Open-wedge,إسفين- مفتوح
organization,"منظمة, نقابة, تجمع, تنظيم, جمعية,"
organize,"نظم, أسس, أنشأ"
organized,منظم
orient,يوجه
orthotic,تقويمي ، مقوامي
Os,عظم، عظمة
ossicle,عظيمة
ossicles,عظيمات
osteoarthritis,فصال عظمي
osteocartilaginous,عظمي غضروفي
osteodystrophy,حثل عظمي
osteonecrosis,نخر عظمي
osteotendinous,عظمي وتري
osteotomies,خزوعات عظم
osteotomy,قطع العظم
otherwise,"بصورة مختلفة, وإلا, من ناحية أخرى, بوجه آخر, بطريقة أخرى"
outreach,"جاوز, إيصالي"
outward,"ظاهري, خارجي"
overgrowth,فرط النمو
overlap,تراكب ، تداخل
overlook,فحص ، أطل على، تغافل عن، غفل عن، تجاوز عن، تغاضى عن
overlooked,مطلول على
overly,بإفراط، أكثر مما ينبغي ، زيادة على
overpower,تغلب
overpull,فرط سحب
palpation,جس
parachute,باراشوت
paralysed,مشلول
Paratenonitis,التهاب مجاور الوتر
parent,والدين
passive,منفعل
passively,بشكل منفعل
pathognomonic,واصم
pathological,مرضي
patients,مرضى
pediculated cells,خلايا مسوقة (خلايا ذات سويقات)
peeking thumb sign,علامة الإبهام الطفولية
percentile,شريحة مئوية
percussion,قرع
peritoneal dialysis,التحال البريتواني
peritrochanteric,حول المدورين
persistent,"مستمر, مثابر, متواصل, متكرر, مصر, مداوم"
perspective,وجهة نظر ،منظور
perspective,"منظور, منظوري, نظري"
perspectives,المنظورات
persuaded,مقنع
phalanx,سلامية
Physiologic,فيزيولوجي
physis,صفيحة النمو
plain films,صور بسيطة
plane,مستوى
plantar,أخمصي
plantarflexion-inversion,عطف أخمصي-انقلاب للداخل
platelets,الصفيحات الدموية
pointed,مؤنف ، مستدق ، مذبب
pointing out,مشير إلى
POLYNEUROPATHY,اعتلال الأعصاب العديد
popularly,بشكل شعبي ، شعبيا
positioning,تموضع
positioning,الوضع
possess,امتلك
posteromedial,خلفي إنسي
POSTINFECTIOUS,التالي للإنتان
postural hypotension,هبوط الضغط الانتصابي
posture,وضعة
postures,وضعات
precluding,يحول دون
present,"عرض, قدم, هدى, تجلى, حضر, قلد, ترشح, قدم نفسه, منح"
presentation,المجيء
presentation,جيئة، مظهر
preserve,"يحفظ ، صان, وقى"
pressors,رافعات الضغط
prevalence,الانتشار
primigravidas,خرائس
process,ناتئ
progression,تقدم ، ترقي
progressive,مترقي ، متقدم
progressively,على نحو متزايد
proliferative,التكاثرية
proliferative zone,المنطقة التكاثرية
prominence,بروز
prominences,بروزات
promise,"وعد, تعهد, عهد, اتفاق, عقد, بشير النجاح, مبشر بخير"
Prosthetic,بديلي
proximal row,الصف الداني
pseudarthrosis,الفصال الكاذب (المفصل الموهم)
pseudohypertrophy,ضخامة الكاذبة
psychiatric,نفسي
psychologic,نفسي
published,منشور ، معلن
pull,السحب
pulmonary,رئوي
purported,مزعوم
pus,قيح
pyarthrosis,داء مفصلي قيحي
pyogenic,متقيح ، مولد للقيح ، مقيح
Quadriceps,رباعية الرؤوس
radiograph,صورة شعاعية
radiographs,الصور الشعاعية
railing,السور (الدرابزين)
reactions,ارتكاسات
realm,"حقل، ميدان، مجال، حيز ، حقل, مملكة, عالم"
rear,"الجزء الخلفي, الأخير, ذنب, خلفي ، المؤخرة"
recent,حديث
recession,انسحاب
recessive,متنحي
reconstruction,إعادة البناء
referral,إحالة
reflexes,منعكسات
Regimens,نظام
relate,روى ، حكى ، خلق علاقة
related,ذات صلة
releases,تحرير
relevance,صلة، علاقة
relevant,"وثيق الصلة, ذو صلة ، مناسب ، ذو علاقة"
relieve,"أراح, خفف, لطف, هدأ, أزال ، اشعر بالارتياح"
relieved,مرتاح
remarkable,"جدير بالملاحظة, لافت للنظر, بارز, مهم, ملحوظ"
remit,"خفف, أجل, أرجأ, سكن"
remodeling,إعادة تشكيل
remodelling,استعادة شكلية
removable,"قابل للإزالة, نزوع, سهل النزع"
replacement,معيضة
requirements,متطلبات
rerouted,معاد توجيه
reserved,محتفظ به
resistance,مقاومة
resort,"ملاذ، مأمن ، لجأ الى, تردد على, فزع إلى ، التجأ"
restrict,"قيد, حصر"
restriction,تقييد
result from,ينجم عن
retained,محتفظ ب
retard,يؤخر
retraction,سحب
retrocalcaneal,خلف العقب
revascularization,اعادة تروية
rheumatoid,رثياني
rheumatoid arthritis,التهاب مفاصل رثياني
rhizomelic,قصر جذر الطرف (الفخذ أو العضد)
rigidity,تصلب (صمل)
rods,عصيات
rostral,منبري، منقاري
rough,خشن
scale,مقياس
scalloping,التخشين (التخريم)
scalloping,خشونة
self-limiting,محدد لذاته
Sequences,متوالية
Sequences,متواليات
sequentially,تؤدي
shaped,مشكل
Shoe-wear,ارتداء الحذاء
shortening,"قصر, تقصير"
sibling,اخوة
sickle-shaped,على شكل المنجل
Simplifications,تبسيطات
sitting balance,توازن الجلوس
situated,"قائم, كائن, في حالة معينة, واقع على"
skeletal immature patients,المرضى غير الناضجين هيكليا
skeletally,هيكليا
skew,انحراف
Skewfoot,القدم المنحرفة (المائلة)
slip,انزلاق
Slotted,مشقوق
softer,أنعم
somewhat,بعض الشيء ، قليلا
Somite,جسيدة
somites,جسيدات
Sonic,صوتي
sought,بحث
span,"بنى جسر, تجاوز, عبر"
Spanning,ممتد
spare,أبقى على
spastic cerebral palsy,شلل دماغي تشنجي
spasticity,تشنج
spectrum,طيف
sphingomyelin,سفينغوميالين
spica casting,التجبير بقالب جبسي سنبلي الشكل (سبايكا)
Spina bifida,السنسنة المشقوقة (انشقاق العمود الفقري)
spinal,"فقري, شوكي"
spinolaminar,شوكي صفائحي
spondyloepiphyseal dysplasia,خلل تنسج (ثدن) فقري مشاشي
spread,ينتشر ، انتشار
strictly,"بدقة, بصرامة, بتشدد"
stripping,تجريد
strive,"كافح, ناضل,"
structures,بنى ، التراكيب
subluxates,ينخلع جزئيا
subluxation,تحت خلع
subluxation,تحت الخلع
subside,"انحسر ، استراح, أخمد, سكت, ابتعد, هدأ, استقر, همد, هبط, أضعف ، يختفي"
subtler,غير ملحوظ
succession,التعاقب
suitable,مناسب
sure,"مؤكد, محتوم, أكيد"
surveys,استقصاءات - تقصيات (مسوحات)
suspected,مشكوك فيه ، مشبوه
sutures,خياطات
symmetric,متناظر
symptomatic,أعراضي ، عرضي
synchondrosis,الالتحام الغضروفي
synonym,مرادف
synonyms,مرادفات
synovitis,التهاب الغشاء الزليلي
synthase,سينثاز (إنزيم)
talocalcaneal,قعبي عقبي
tarsal,رصغي
teens,مراهقون
tenderness,مضض ، إيلام
tented,مشوهة
therefore,"بناء على, إذا, من ثم, من أجل ذلك الغرض"
thirds,الأثلاث
thoracolumbosacral,صدري قطني عجزي
three-dimensional,ثلاثي-الأبعاد
thrombocytopenia,نقص الصفيحات
tibiale,مجاور للظنبوب
tight,مشدود
Tillaux,تيلاوكس
to document,لتوثيق
Torn,ممزق
tour,الجولة
towel clip,ماسك رفادة (بنس شان)
transection,قطع
transient synovitis,التهاب الغشاء الزليلي العابر
transplantation,ازدراع (زرع)
traumatologists,جراحي الرضوض
trick,"مكيدة, خدعة, حيلة"
trouble,"أقلق, عكر, أزعج"
troubles,"أقلق, عكر, أزعج"
tube feeding,أنبوب تغذية
tumours,اورام
ultrasonography,التصوير بالموجات فوق الصوتية
unconsciously,"على نحو غافل, على نحو فاقد للوعي, على نحو مغمى عليه"
uncoverage,غير مغطى
underarm,تحت الذراع ، الابط
underlying,مستبطن ، تحتي ، الواقع تحت
undertake,"باشر, شرع"
unossified,غير متعظم
unremarkable,عادي
uphill,شاق ، مرتفع
upright,عمودي
urged,محثوث
valgus,الفحجاء
valuable,"ذو قيمة, قيم"
variant,"مختلف, متنوع"
varied,مختلف
venous,وريدي
venule,وريد
vigorous,نشيط
virtually,"واقعيا, عمليا, فعليا"
warrant,"برر, سوغ, أكد, أجاز, ثبت, سمح (لـ أو بــ), تعهد, التفويض"
wasting,هزال
WBC,كريات الدم البيضاء
weightbearing,حمل الوزن
weighted,موزون
well,"معافى, حسن ، جيد, تماما, كما يجب, إلى حد بعيد"
whereby,"الذي به, وفقا ل, بواسطته, حيث"
whole,صحيح، كامل
windswept,معرض للريح
Windswept hips,وركين عصفت بهم الرياح
Wormian,الورمياني (الدرزي)
worsen,يزيد سوء (يفاقم)
Worsening,تفاقم
wrestlers,المصارعون
Z-plasty,تصنيع-Z
