id,term,definition,source_file
1,admission fee gory,الدخول,معجم المصطلحات الاعلامية
2,angle shot,لقطة زاوية,معجم المصطلحات الاعلامية
3,mg,عشوائية و وفق منهج معين) ينات او,معجم المصطلحات الاعلامية
4,board of editors,هيئة التحرير,معجم المصطلحات الاعلامية
5,kf aa ale,(وهي تُطبع غالبا على ورق صقيل) أنيقة,معجم المصطلحات الاعلامية
6,regulation,الي تنظم العمل في هذا وهي,معجم المصطلحات الاعلامية
7,AO,في حال غياب أصحاب المتزل الت ويدعرهم لذ نه ب أصحاب ويدعرهم أسمائهم وأرقام هراتفهم),معجم المصطلحات الاعلامية
8,blueprint,ررق طبعة تجريبية,معجم المصطلحات الاعلامية
9,book trade ASH,صناعة,معجم المصطلحات الاعلامية
10,cl,اراي الع العام عل,معجم المصطلحات الاعلامية
11,bookseller and,كتبي ناشر,معجم المصطلحات الاعلامية
12,cartoon film,فلم متحركة رسوم,معجم المصطلحات الاعلامية
13,unité centrale,في مِلكيّة أو الصحف شخص شركة) من,معجم المصطلحات الاعلامية
14,distribution des réles,إسهام,معجم المصطلحات الاعلامية
15,dnema manager,مدير قاعة ل بحل مال,معجم المصطلحات الاعلامية
16,CAM,(لقطة تظهر شخصاأو أكثر من أعلى الركبتين إلى,معجم المصطلحات الاعلامية
17,CONN AEN iy SON VON Co IN,ا ا,معجم المصطلحات الاعلامية
18,TT,نج “بوه تجن الل كرد,معجم المصطلحات الاعلامية
19,advertising slogan,شعار شعار الإشهار» أعراف الإعلان أو تضبط العمل هذا وهي القواعد العرفية القانونية في,معجم المصطلحات الاعلامية
20,Se,صورة غائمة,معجم المصطلحات الاعلامية
21,camera‏,مصورة كاميرة)»,معجم المصطلحات الاعلامية
22,Ol pe,مثير,معجم المصطلحات الاعلامية
23,matraquage la radio; réclame faite,دا,معجم المصطلحات الاعلامية
24,publicité- travers programme-,هوائي,معجم المصطلحات الاعلامية
25,advertising,إشهارء إعلان,معجم المصطلحات الاعلامية
26,camera crew;‏,فريق التصوير,معجم المصطلحات الاعلامية
27,actual campaign a>,فغلية,معجم المصطلحات الاعلامية
28,advertising medium,وسملة إعلانية,معجم المصطلحات الاعلامية
29,EAN,ا ا ١,معجم المصطلحات الاعلامية
30,redacteur de la chronique du jour (US),مالي,معجم المصطلحات الاعلامية
31,NN RN aN oe aN Mee‏,لا حر حو ل ا,معجم المصطلحات الاعلامية
32,AS),مسجل بالصرت على شريط),معجم المصطلحات الاعلامية
33,os,مقدمة اله,معجم المصطلحات الاعلامية
34,cece PIN jal,من د وزاره ل وزار الإعلام أو هيئة حكومية أخرى),معجم المصطلحات الاعلامية
35,agreement,اتفاقية,معجم المصطلحات الاعلامية
36,assistant eat yf,مساعد مؤلف مساعد,معجم المصطلحات الاعلامية
37,biweekly lan en plongée,اسبوعية,معجم المصطلحات الاعلامية
38,Classification,تصديف,معجم المصطلحات الاعلامية
39,acid ry,تعليق,معجم المصطلحات الاعلامية
40,audience format,برامج,معجم المصطلحات الاعلامية
41,audimeter,مقياس المتابعة موصول بالتلفاز لدى المشاهدين جهاز يودع متابعتهم لبرامج التلفزة) الك,معجم المصطلحات الاعلامية
42,acoustics,يات صوتيات,معجم المصطلحات الاعلامية
43,acredited journalist,صحفي,معجم المصطلحات الاعلامية
44,BE eat we‏,م,معجم المصطلحات الاعلامية
45,acronym,"نحت أوائلي كلمة منحوتة الحروف الأولى لعدد الكلمات» ثحو من من كلمة ""ليزر"")",معجم المصطلحات الاعلامية
46,acting,الإذاعة أو النلفزة أو السيتما) مغامرات,معجم المصطلحات الاعلامية
47,action news;,أخبار عيانيّة (أخبار ينقلها شاهد عيان الحدث) من موقع,معجم المصطلحات الاعلامية
48,actor; leading role,ممثل (ال...)الأول» الأول,معجم المصطلحات الاعلامية
49,actor( actress) Jt,(م.,معجم المصطلحات الاعلامية
50,actual coverage,نفل الإذاعة أو التلفزة),معجم المصطلحات الاعلامية
51,actuality,نقل موقع الحُدث من,معجم المصطلحات الاعلامية
52,De‏,بج ا ري الس ام,معجم المصطلحات الاعلامية
53,ad; advertizement Ore!,إشهار,معجم المصطلحات الاعلامية
54,ad man,وكيل وكيل إشهار,معجم المصطلحات الاعلامية
55,ad section,إعلانات مبوبة,معجم المصطلحات الاعلامية
56,ad writer,إشهارات؛ محرر,معجم المصطلحات الاعلامية
57,adaptation,اقتباس,معجم المصطلحات الاعلامية
58,addendum,إضافة,معجم المصطلحات الاعلامية
59,additional,برنامج إضائي,معجم المصطلحات الاعلامية
60,address,"كلمة, خطاب",معجم المصطلحات الاعلامية
61,administration,إدارة,معجم المصطلحات الاعلامية
62,column advertisement,الاعلانات عمود,معجم المصطلحات الاعلامية
63,administrative,إبداع قاتوئ من من عد النسخ من كل,معجم المصطلحات الاعلامية
64,admission,مدخل اللجمهور,معجم المصطلحات الاعلامية
65,advance for Sunday,مخصّص لطبعة الأحد,معجم المصطلحات الاعلامية
66,advance story,ورقة أوليّة,معجم المصطلحات الاعلامية
67,advertisee,"هدف الإعلان, هدف الإشهار",معجم المصطلحات الاعلامية
68,advertisement,للنساءء إعلان إشهار,معجم المصطلحات الاعلامية
69,advertisement ale,إعلانية» مجلة إشهارية ا,معجم المصطلحات الاعلامية
70,advertisement Dey,رسالة,معجم المصطلحات الاعلامية
71,advertisement space,إعلانية م مساحة,معجم المصطلحات الاعلامية
72,advisor LAY,ر إشهاري؛ مستشار إعلاي,معجم المصطلحات الاعلامية
73,"advertisingagency we,",كالة رعالة إشهارية. اشهاريق و إعلانات عل,معجم المصطلحات الاعلامية
74,advertising agent,وكيل وكيل إشهاري؛ إعلانات,معجم المصطلحات الاعلامية
75,advertising appeal cas,إغراء إغراء,معجم المصطلحات الاعلامية
76,advertising approach,أسلوب أسلوب,معجم المصطلحات الاعلامية
77,advertising art,فنّ الإشهارء الإعلان,معجم المصطلحات الاعلامية
78,advertising banner,بارز (للفت الأنظار) ك5,معجم المصطلحات الاعلامية
79,advertising brand,"علامة علامة إشهارية, إعلانية",معجم المصطلحات الاعلامية
80,advertising campaign ax,"حملة إشهارية, إعلانية",معجم المصطلحات الاعلامية
81,advertising claim,زكم إشهاري» زعم,معجم المصطلحات الاعلامية
82,advertising content,"مضمون الإعلان, مضمون الإشهار",معجم المصطلحات الاعلامية
83,advertising copy,"نص الإعلان, نص الإشهار",معجم المصطلحات الاعلامية
84,advertising pb,تأثير الإشهارء الإعلان,معجم المصطلحات الاعلامية
85,advertising goal,غُرض غُرض الإعلان,معجم المصطلحات الاعلامية
86,advertising industry,صباعة الإعلان ها,معجم المصطلحات الاعلامية
87,advertising leaflet,نشرة إشهارية» نشرة إعلالية,معجم المصطلحات الاعلامية
88,advertising literature,وثائق إشهارية» وثائق إعلانية,معجم المصطلحات الاعلامية
89,advertising manager,مدير الإشهارء ش,معجم المصطلحات الاعلامية
90,advertising market,سوقه سوق الإعلان مطبوعات,معجم المصطلحات الاعلامية
91,advertising message,"رسالة إشهارية, إعلالية",معجم المصطلحات الاعلامية
92,advertising rates,أسعار أسعار الإشهار,معجم المصطلحات الاعلامية
93,advertising,أنظمة أنظمة,معجم المصطلحات الاعلامية
94,advertising schedule,جدول تانالعإلا تبيّن تسلسل إدراج الإعلانات),معجم المصطلحات الاعلامية
95,advertising support,إعلالية مسائدة إشهاري,معجم المصطلحات الاعلامية
96,advertising trade,صحيفة إعلانية متشصصة,معجم المصطلحات الاعلامية
97,advertorial,"مقال إعلاي, مقال إشهاري (في الصحافة المكتوبة)",معجم المصطلحات الاعلامية
98,advocacy advertising,قضيّة إعلانية يشتريها المعلن للدفاع عن قضية أو (مساحة للتعريف موقف),معجم المصطلحات الاعلامية
99,aerlal advertising,إشهار جوي؛ إعلان جوري,معجم المصطلحات الاعلامية
100,aerial image; aerial,بو صورة ية,معجم المصطلحات الاعلامية
101,aerial shooting;,تصرير دي وكالة,معجم المصطلحات الاعلامية
102,aggressive reporting,استطلاع مثير وكن الاجتماعيات (ركن إعلانات مبوبة المتغيبين والمفقودات عن الاجتماعية),معجم المصطلحات الاعلامية
103,ahead of schedule,قبل (ما كان سابقا أو ما وقع موعده),معجم المصطلحات الاعلامية
104,air,تاريخ,معجم المصطلحات الاعلامية
105,air plug,مطرقة (إعلان في الإذاعة على فترات متقاربة),معجم المصطلحات الاعلامية
106,airtime; broadcast,هدّة البثء مدة روهظلا (على الشاشة) ل,معجم المصطلحات الاعلامية
107,airwaves,موجات البث,معجم المصطلحات الاعلامية
108,all rights reserved,جميع الحقوق محفوظة,معجم المصطلحات الاعلامية
109,all-day-newspaper,الطبعات معددة,معجم المصطلحات الاعلامية
110,all-star-cast,فلم التجوم فلم (فلم يشارك عدد كبير تحوم السيئما) فيه من,معجم المصطلحات الاعلامية
111,alphabetical order,ألفبائي تيب ترتيب,معجم المصطلحات الاعلامية
112,alteration,تعديل,معجم المصطلحات الاعلامية
113,alternative media,وسيلة إعلامية بديلة,معجم المصطلحات الاعلامية
114,alternative press;,مبحافة لا نظامية,معجم المصطلحات الاعلامية
115,alternative television,تلفزة بديلة,معجم المصطلحات الاعلامية
116,amateur film-maker,سينمائي هاو,معجم المصطلحات الاعلامية
117,amateur,مصور هاو,معجم المصطلحات الاعلامية
118,amendement,تعديل,معجم المصطلحات الاعلامية
119,amplitude,تعديل الموجة,معجم المصطلحات الاعلامية
120,analysis,تحليل,معجم المصطلحات الاعلامية
121,anchorperson (TV),مقلم (المذيع الرليسي الذي يقَدّم نشرة الأحبار المتلفزة),معجم المصطلحات الاعلامية
122,animated fom,متحركة رسوم ا,معجم المصطلحات الاعلامية
123,animation,إعداد (الرسوم المتحركة),معجم المصطلحات الاعلامية
124,announcement,إعلان,معجم المصطلحات الاعلامية
125,annual; yearly,ستري,معجم المصطلحات الاعلامية
126,answer,جواب,معجم المصطلحات الاعلامية
127,answering machine,ردادة آلة عليها للمتصليز صون حواب,معجم المصطلحات الاعلامية
128,anthology,(أدبية أو موسيقية),معجم المصطلحات الاعلامية
129,anticipated audience,جمهور,معجم المصطلحات الاعلامية
130,anti-jamming,للتشويش مضاد,معجم المصطلحات الاعلامية
131,aperture (camera),سجاف الكاميرة وهي تتحكّم النور (فتحة الوارد على الفلم),معجم المصطلحات الاعلامية
132,appearance Jy,"الصحافة), صدور ظهور(على خشبة المسرح أو على الشاشة)",معجم المصطلحات الاعلامية
133,appearance date,تاريخ,معجم المصطلحات الاعلامية
134,appointment,موعد,معجم المصطلحات الاعلامية
135,archives,انيه (مكان حفظ الوثائق),معجم المصطلحات الاعلامية
136,area sampling,جغراليٍ تعرين,معجم المصطلحات الاعلامية
137,argumentative text,نص مو إلى الحجج والوثائق وفق البحث مستند العلمي) توزيع موسيقي,معجم المصطلحات الاعلامية
138,art critic,ناقد,معجم المصطلحات الاعلامية
139,art director,المناظر هدير,معجم المصطلحات الاعلامية
140,art film,فلم فني,معجم المصطلحات الاعلامية
141,art house; art,قاعة السينما التجريبية مقالة,معجم المصطلحات الاعلامية
142,artificial intelligence,ذكاء اصطناعي,معجم المصطلحات الاعلامية
143,artificial language,اصطناعية,معجم المصطلحات الاعلامية
144,artificial voice,اصطناعي صوت,معجم المصطلحات الاعلامية
145,artistic style od,أسلوب,معجم المصطلحات الاعلامية
146,arts entertainment,وفنون عروض,معجم المصطلحات الاعلامية
147,assessment,تقوم,معجم المصطلحات الاعلامية
148,assign; assignment,الأدوار توزيع,معجم المصطلحات الاعلامية
149,assignment (broadcast),القن بع ارد في ههمة,معجم المصطلحات الاعلامية
150,assistant cameram an,مساعد المصور,معجم المصطلحات الاعلامية
151,assistant director,مساعد المخرج,معجم المصطلحات الاعلامية
152,assistant production,جاتنإلا مساعد مدير,معجم المصطلحات الاعلامية
153,associate producer well,مساعد,معجم المصطلحات الاعلامية
154,atlas,أطلس,معجم المصطلحات الاعلامية
155,atmosphere,مناخ,معجم المصطلحات الاعلامية
156,attention-getting,(يحذب الانتباه ويلفت الأنظار),معجم المصطلحات الاعلامية
157,attitude survey,دراسة المواقف,معجم المصطلحات الاعلامية
158,audibility,مسموعيّة,معجم المصطلحات الاعلامية
159,audience,حضور مشاهدون,معجم المصطلحات الاعلامية
160,audience analysis,تحليل الجمهور حيث,معجم المصطلحات الاعلامية
161,audience breakdown,الجمهور توزيع,معجم المصطلحات الاعلامية
162,audience loyalty,وفاء ابلمهور (أي,معجم المصطلحات الاعلامية
163,audience,قياس الجمهور,معجم المصطلحات الاعلامية
164,audience,مشاركة الجمهور اركة في البرامج المفتوحة للعموم تسجل فيها مشاركة الجمهور العادي),معجم المصطلحات الاعلامية
165,audience,طريقة مشاركة,معجم المصطلحات الاعلامية
166,audience profile,الجمهور هراصفات,معجم المصطلحات الاعلامية
167,audience rating pp,الاستماع,معجم المصطلحات الاعلامية
168,audience research,دراسة,معجم المصطلحات الاعلامية
169,audience targetting,الجمهور اختيار بانتقاء عينات عشوائية أو فق,معجم المصطلحات الاعلامية
170,audience turnover,تحرّل الجمهور,معجم المصطلحات الاعلامية
171,audio,عي,معجم المصطلحات الاعلامية
172,audio dubbin,ترجمة صوتية (دبلجة),معجم المصطلحات الاعلامية
173,audio equip equipment,أجهزة,معجم المصطلحات الاعلامية
174,audio frequency,تردد,معجم المصطلحات الاعلامية
175,audio media,وسائل معية,معجم المصطلحات الاعلامية
176,audio mixer,مازج الصوت,معجم المصطلحات الاعلامية
177,audio signal,إشارة إذاعيّة,معجم المصطلحات الاعلامية
178,audio ta pe,شريط شريط بج,معجم المصطلحات الاعلامية
179,audio tape recorder,مسعئّلة,معجم المصطلحات الاعلامية
180,audio visual,بصري,معجم المصطلحات الاعلامية
181,audio visual aids,مُعينات مدرس لمصاحبة عرضه),معجم المصطلحات الاعلامية
182,audio visual,تقنية معية بصرية تقنبة بصابة,معجم المصطلحات الاعلامية
183,audio wave Kast,هوجة صوتية,معجم المصطلحات الاعلامية
184,audiodrama,تمثيليّة إذاعية,معجم المصطلحات الاعلامية
185,audit report,تدفيق التوزيع تقرير يعدّه مكتب الحاسبة للتحقق من عدد النسخ الموزعة),معجم المصطلحات الاعلامية
186,auditing of the,فخْص التوزيع,معجم المصطلحات الاعلامية
187,audition,استماع,معجم المصطلحات الاعلامية
188,auditorium iad,صوتياً لأحل أو (استوديوء وهو ححرة معزولة الاستماع التسجيل,معجم المصطلحات الاعلامية
189,authentic text,نص أصلي,معجم المصطلحات الاعلامية
190,author,مؤلف,معجم المصطلحات الاعلامية
191,author of the script,كاتب الخوار كائب السينا السيناريو» وهو نص الحوار في فلم نص ف ذ أو مسرحية أو مسلسل تلفزي ويقطع النص إلى مشاهد),معجم المصطلحات الاعلامية
192,authorization,إجازة,معجم المصطلحات الاعلامية
193,authorized sources,ماذونة مصادر,معجم المصطلحات الاعلامية
194,author-publisher,كاتب ناشر,معجم المصطلحات الاعلامية
195,author's fees,المؤلف حقوق,معجم المصطلحات الاعلامية
196,authorship,التأليف مهنة,معجم المصطلحات الاعلامية
197,author-title index,كثاف المؤلفين والمصئفات,معجم المصطلحات الاعلامية
198,tography,سيرة ذائية,معجم المصطلحات الاعلامية
199,autocue;,عارض التنصوص لكاميرة أمام جهاز محاذ التصوير يعرض دم مغدم الأخبار),معجم المصطلحات الاعلامية
200,automatic answering,رد آلي,معجم المصطلحات الاعلامية
201,average audience,معدّل الجمهورر (المعدل الرسيطي لعدد للتابعين ابلمهور) من سعر متوسط,معجم المصطلحات الاعلامية
202,back cover; back‏ Pc,الغلاف,معجم المصطلحات الاعلامية
203,back issue/number,بي,معجم المصطلحات الاعلامية
204,back up tape;‏,نسخحة احتياط,معجم المصطلحات الاعلامية
205,background‏,تجربة (حلفيّة معطيات قاعدية),معجم المصطلحات الاعلامية
206,background music 4d,موسيقى مصاحبة,معجم المصطلحات الاعلامية
207,background story‏,استذ كاري مقال (مقال موئق نخلفية الأحداث) يستعيد,معجم المصطلحات الاعلامية
208,backlighting,إضاءة إضاءة وراء الممشهد أو الشخخص تصويره من تباين في التنرير),معجم المصطلحات الاعلامية
209,backstage‏,كواليس,معجم المصطلحات الاعلامية
210,back ack-to-back‏,إعلانان مقرونان إعلانان متحابعان (في الإذاعة والتلفزة) اند,معجم المصطلحات الاعلامية
211,bad copy‏,نسخة وديئة,معجم المصطلحات الاعلامية
212,badge‏,شارة,معجم المصطلحات الاعلامية
213,baffle; speaker‏,فارز الصوت,معجم المصطلحات الاعلامية
214,bait(ing),مقال إغراني؛,معجم المصطلحات الاعلامية
215,balance‏,هوازنة,معجم المصطلحات الاعلامية
216,banon release,النشر أو الببث) (من,معجم المصطلحات الاعلامية
217,band width,عَرْض الشريط,معجم المصطلحات الاعلامية
218,bandstand,كشك هوسيقى,معجم المصطلحات الاعلامية
219,banner line; headline,عريض (مانشيت),معجم المصطلحات الاعلامية
220,battery ee),(بطارية),معجم المصطلحات الاعلامية
221,battery-powered,مغدى بمدخيرة,معجم المصطلحات الاعلامية
222,beam,حزهة شعاع,معجم المصطلحات الاعلامية
223,beat,سبق صحفي,معجم المصطلحات الاعلامية
224,behavior research,دراسة السّلوك,معجم المصطلحات الاعلامية
225,behavioral sciences,علوم السلوك المحدّد),معجم المصطلحات الاعلامية
226,behind the scenes,الكواليس وراء الستار),معجم المصطلحات الاعلامية
227,being reprinted,الطبع إعادة,معجم المصطلحات الاعلامية
228,best seller gS,رواجاً أو يحقق المبيعات) منتج,معجم المصطلحات الاعلامية
229,between the lines,السطور بين,معجم المصطلحات الاعلامية
230,bi-annual,نصف,معجم المصطلحات الاعلامية
231,biased advertizing,إعلان مُغرض,معجم المصطلحات الاعلامية
232,biased bi sample,مض عيئة ط مُفِرضة,معجم المصطلحات الاعلامية
233,bibliography,قائمة مر وت,معجم المصطلحات الاعلامية
234,big circulation alg,الانتشا واسعة,معجم المصطلحات الاعلامية
235,big city press On Bore,الكبرى,معجم المصطلحات الاعلامية
236,bill,إعلان,معجم المصطلحات الاعلامية
237,billposting;,إلصاق,معجم المصطلحات الاعلامية
238,bi-monthly,نصف شهري,معجم المصطلحات الاعلامية
239,binding,تجليد,معجم المصطلحات الاعلامية
240,biography,سير,معجم المصطلحات الاعلامية
241,bird's eye view; iu,لقطة لقلة أعلى إلى أسة أسفل) (لقطة عمودية من إلى,معجم المصطلحات الاعلامية
242,black and white film,بيض,معجم المصطلحات الاعلامية
243,"blackand white TV,",بالأبيض والأسو تلفاز,معجم المصطلحات الاعلامية
244,blank,بياضء فراغ,معجم المصطلحات الاعلامية
245,blank tape,شريط فارخ (غير,معجم المصطلحات الاعلامية
246,blanket area,منطقة واسعة,معجم المصطلحات الاعلامية
247,blanket circulation,توزيع واسع,معجم المصطلحات الاعلامية
248,blanket coverage,تغطية واسعة,معجم المصطلحات الاعلامية
249,blind ads,مُغفلة إعلانات,معجم المصطلحات الاعلامية
250,blow up;,تكبير,معجم المصطلحات الاعلامية
251,blurb ibd,دعاية,معجم المصطلحات الاعلامية
252,board,لوحة,معجم المصطلحات الاعلامية
253,board of censors,المراقبة,معجم المصطلحات الاعلامية
254,board of directors,الإدارة,معجم المصطلحات الاعلامية
255,board of enquiry,جنة تحقيق,معجم المصطلحات الاعلامية
256,body copy,شرح الإعلان يصاحب إعلانا بالصور لشرحه أو لإزالة غموضه,معجم المصطلحات الاعلامية
257,"boldface,",حروف,معجم المصطلحات الاعلامية
258,bonus coverage,تغطية إضافية,معجم المصطلحات الاعلامية
259,book club,الكتاب نادي نال,معجم المصطلحات الاعلامية
260,book design,الكتاب تصميى,معجم المصطلحات الاعلامية
261,book fair “SN ows,م,معجم المصطلحات الاعلامية
262,book lover,القراءة,معجم المصطلحات الاعلامية
263,book review,كتاب عرض (غالبا ما يكون عرضا موجزا مشفوعاً نقدية),معجم المصطلحات الاعلامية
264,book reviewer,ناقد أدبي,معجم المصطلحات الاعلامية
265,bookin,تسجيل,معجم المصطلحات الاعلامية
266,booklist,قائمة كت,معجم المصطلحات الاعلامية
267,books on tape,كنتاب ناطق,معجم المصطلحات الاعلامية
268,boom issue Jab,خاصة,معجم المصطلحات الاعلامية
269,boomerang effect,أثر رجعي,معجم المصطلحات الاعلامية
270,boosting,استغزازي ترويج,معجم المصطلحات الاعلامية
271,booth,هامش,معجم المصطلحات الاعلامية
272,bottom of page,أسفل الصفحة,معجم المصطلحات الاعلامية
273,box,إطار,معجم المصطلحات الاعلامية
274,box head Pp,عنوان,معجم المصطلحات الاعلامية
275,box office Sts,(التذاكر»,معجم المصطلحات الاعلامية
276,box office success,فلم شباك أرباحا كبيرة) يحقق,معجم المصطلحات الاعلامية
277,brainwashing cf UI,غسل تضليز,معجم المصطلحات الاعلامية
278,brand advertising,إعلان علامة,معجم المصطلحات الاعلامية
279,brand name,اسم علامة,معجم المصطلحات الاعلامية
280,breach of contract cas ald,العقد,معجم المصطلحات الاعلامية
281,break,استراحة,معجم المصطلحات الاعلامية
282,breaking news,الأخبار,معجم المصطلحات الاعلامية
283,brief,هوجز,معجم المصطلحات الاعلامية
284,briefing session,جلسة إخبارية,معجم المصطلحات الاعلامية
285,broadcast account of,نقل هياراة,معجم المصطلحات الاعلامية
286,broadcast,إعلان مُذاع (بالإذاعة,معجم المصطلحات الاعلامية
287,broadcast,بلاغ مذاع (بالإذاعة بالاذاعة أوالتلفزة أوالتلفزة),معجم المصطلحات الاعلامية
288,broadcast before al,برنامج عمومي,معجم المصطلحات الاعلامية
289,broadcast law,قانون المرئي الإعلام والسموع,معجم المصطلحات الاعلامية
290,broadcast media,وسائل الإعلام المرئية وال مسموعة,معجم المصطلحات الاعلامية
291,broadcast time,مدّة البث,معجم المصطلحات الاعلامية
292,broadcaster,معلق ركن) صحفي,معجم المصطلحات الاعلامية
293,broadcasting,أذاعة,معجم المصطلحات الاعلامية
294,broadcasting,شبكة إذاعية,معجم المصطلحات الاعلامية
295,broadcasting,هيئة الإعلام المرئي والسموع (هيئة تقوم بتنظيم قطاع الإعلام المرئي والمسموع وذلك بتوزيع القئوات ومنح البث ال) ا,معجم المصطلحات الاعلامية
296,broadcasting station,"محطة إذاعة,",معجم المصطلحات الاعلامية
297,broadcasting studio,"حجرة الإذاعة, ةرجح العلفزة (استوديو)",معجم المصطلحات الاعلامية
298,broch ocnure,كتيب,معجم المصطلحات الاعلامية
299,bulk circulation;,إجمالي توزيع,معجم المصطلحات الاعلامية
300,bulletin,الأنباء نشرة,معجم المصطلحات الاعلامية
301,bulletin board,حائطية (لوحة على حائط للملصقات الإعلانية),معجم المصطلحات الاعلامية
302,bureau,مكتب,معجم المصطلحات الاعلامية
303,burning question; Lad,ساخنة,معجم المصطلحات الاعلامية
304,bus advertising,إعلان حافلة ([علان يلصق على الحافلة أو فيها),معجم المصطلحات الاعلامية
305,business news,ركن الاقتصاد,معجم المصطلحات الاعلامية
306,business opportunity,فرمة عمل,معجم المصطلحات الاعلامية
307,business press,صحافة اقتصادية,معجم المصطلحات الاعلامية
308,buyer survey,استبار الزيائن (للرقرف على رأيهم في ما يشترون),معجم المصطلحات الاعلامية
309,buyout (to),اشترى حقوقا لاستغلاله),معجم المصطلحات الاعلامية
310,buzz(to),هائف,معجم المصطلحات الاعلامية
311,byline,بقلم,معجم المصطلحات الاعلامية
312,camera shot,لقملة,معجم المصطلحات الاعلامية
313,byline(d) story,مقال هو,معجم المصطلحات الاعلامية
314,cablecasting US,تلفز,معجم المصطلحات الاعلامية
315,cablecasting network is.‏,شبكة تلفز ق كبلية,معجم المصطلحات الاعلامية
316,cabled home boy‏,منزل,معجم المصطلحات الاعلامية
317,ca bled network‏ tw ALS,شبكة,معجم المصطلحات الاعلامية
318,call‏,مكالمة,معجم المصطلحات الاعلامية
319,camcorder‏,كاميرة محمولة,معجم المصطلحات الاعلامية
320,camera booth‏,التصوير حجرة,معجم المصطلحات الاعلامية
321,camera car‏,سيّارة التصوير,معجم المصطلحات الاعلامية
322,camera control unit‏,وحدة مراقبة التصوير,معجم المصطلحات الاعلامية
323,camera coverage‏,مجال التصوير الذي يمكن للكاميرة أن تصوّر فيه),معجم المصطلحات الاعلامية
324,camera crane‏,رافعة الكاميرة,معجم المصطلحات الاعلامية
325,camera equipment‏,أجهزة التصوير,معجم المصطلحات الاعلامية
326,camera jack‏,غطاء الكاميرة,معجم المصطلحات الاعلامية
327,camera mixing‏ cP‏,الأصوات,معجم المصطلحات الاعلامية
328,camera operator‏,الأصورات,معجم المصطلحات الاعلامية
329,candid camera,كاميرة (ال...),معجم المصطلحات الاعلامية
330,capacity,مصنعة,معجم المصطلحات الاعلامية
331,capital letters (caps),حروف لكبيرة الكبرة,معجم المصطلحات الاعلامية
332,caption,استهلال,معجم المصطلحات الاعلامية
333,ca ve,جتهور مشدود,معجم المصطلحات الاعلامية
334,car radio,ع ديا مذياع السيّارة السيارة,معجم المصطلحات الاعلامية
335,card catalogue,فهرس قات البطاقات,معجم المصطلحات الاعلامية
336,carpenter visual) (audio,المناظر نصمم هيكل المناظر ويشرف على صيانة لوازم الديكور),معجم المصطلحات الاعلامية
337,cartoonist,رسام كاريكاتير,معجم المصطلحات الاعلامية
338,case study,دراسة حالة,معجم المصطلحات الاعلامية
339,cassette recording,تسجيل شريط,معجم المصطلحات الاعلامية
340,cast,تمل الأدوار توزيع,معجم المصطلحات الاعلامية
341,cast list,قائمة الممثلين,معجم المصطلحات الاعلامية
342,casting ae director,الأدوار هدير توزيع,معجم المصطلحات الاعلامية
343,catalogue,دليل,معجم المصطلحات الاعلامية
344,catch line,علامة,معجم المصطلحات الاعلامية
345,catch word,لفظ,معجم المصطلحات الاعلامية
346,cathode-ray tube,شاشة مهبطية,معجم المصطلحات الاعلامية
347,celebrity,شخصية شهيرة,معجم المصطلحات الاعلامية
348,cellular,خَلوي عمف ةأباااع»,معجم المصطلحات الاعلامية
349,censor,رقيب,معجم المصطلحات الاعلامية
350,censor's certificate,تأشيرة الرقابة,معجم المصطلحات الاعلامية
351,censorship,وقابة,معجم المصطلحات الاعلامية
352,census,إخصاء,معجم المصطلحات الاعلامية
353,center of page,وسعل الصفحة,معجم المصطلحات الاعلامية
354,centering,(تأطير العناصر تصويرها),معجم المصطلحات الاعلامية
355,central processing,المعالجة المركزية وحدة,معجم المصطلحات الاعلامية
356,channels ale,قنوات الاتصال,معجم المصطلحات الاعلامية
357,chapter,فصل,معجم المصطلحات الاعلامية
358,character,مز دور ما دور مسرحية مو فلم وغالبا يكون شخصية ذات طباع نخاصة غريبة الأطوار) حرف الكتابة أو الطباعة),معجم المصطلحات الاعلامية
359,character casting,الأدوار توزيع,معجم المصطلحات الاعلامية
360,cheap edition,طبعة رخيصة,معجم المصطلحات الاعلامية
361,checkbook,"صحافة مأجورة أحاناً ""مف اك"" تعدا (توصف صحافة فة صغراء نعبيرا عن",معجم المصطلحات الاعلامية
362,checking copy,نسخخة جعيّة هر,معجم المصطلحات الاعلامية
363,chief cameraman;,التصوير مدير,معجم المصطلحات الاعلامية
364,children’s film ub,فلم للأطفال,معجم المصطلحات الاعلامية
365,children's,للأطفال برنامج,معجم المصطلحات الاعلامية
366,children's,مطبوعات للأطفال,معجم المصطلحات الاعلامية
367,children's viewing 3d,الأطفال (حصة زمنية في البرامج مخصصة,معجم المصطلحات الاعلامية
368,choreograph pay ANS,الرقس,معجم المصطلحات الاعلامية
369,chromatic,لو,معجم المصطلحات الاعلامية
370,chronicle,ركن,معجم المصطلحات الاعلامية
371,chronicler,صحفي ركن,معجم المصطلحات الاعلامية
372,chronological order,تسلسل زمني,معجم المصطلحات الاعلامية
373,cinamascope,شاشة عريضة (سينما سكوب),معجم المصطلحات الاعلامية
374,cinema,(سيئما),معجم المصطلحات الاعلامية
375,cinema star,سيئمائي,معجم المصطلحات الاعلامية
376,cinema advertising,إعلان راهشإ بالسيدما,معجم المصطلحات الاعلامية
377,cinema commercial,فلم إعلاي» فلم إشهاري,معجم المصطلحات الاعلامية
378,cinema fan; cinema,هاوي,معجم المصطلحات الاعلامية
379,cinema goer,هرتاد السيئما,معجم المصطلحات الاعلامية
380,«cinema rights,الاقتباس حقوق,معجم المصطلحات الاعلامية
381,cinematography,السيتما توزيع,معجم المصطلحات الاعلامية
382,circulation area,منطقة العو زيع,معجم المصطلحات الاعلامية
383,circulation auditing,تدقيق التوزيع,معجم المصطلحات الاعلامية
384,circulation,حصص التوزيع,معجم المصطلحات الاعلامية
385,circulation control,مراقبة التوزيع,معجم المصطلحات الاعلامية
386,circulation figure,أرقام التوزيع,معجم المصطلحات الاعلامية
387,circulation manager,مدير المبيعات,معجم المصطلحات الاعلامية
388,circulation rate,نسبة التوزيع,معجم المصطلحات الاعلامية
389,citation; quotation,استشهاد مرجع,معجم المصطلحات الاعلامية
390,city edition dab,العاصمة,معجم المصطلحات الاعلامية
391,city editor et,أخبار اليو,معجم المصطلحات الاعلامية
392,class magazine,متخصصة: مجلة راقية,معجم المصطلحات الاعلامية
393,classified Siti,نات إعلانات مبوبة,معجم المصطلحات الاعلامية
394,classified column,عمود الإعلانات المبوّبة,معجم المصطلحات الاعلامية
395,classified document;,سوية وليقة,معجم المصطلحات الاعلامية
396,cliché,روسّم,معجم المصطلحات الاعلامية
397,cliffhanger,رواية مسلسلة الخلقة يموقف أو مشرّق حلقات وغالبا ما تنتهي مثير للحلقة التالية),معجم المصطلحات الاعلامية
398,clip; clipping,الصحافة قصامات,معجم المصطلحات الاعلامية
399,clips,شربط مقطوعات (فلم قصير لقطات سريعة غاليا ما قطعة من يصور غتائية),معجم المصطلحات الاعلامية
400,close captioning,إلكترونية للصم عنونة,معجم المصطلحات الاعلامية
401,dose medium shot Wail,"نصفيّة مقرّبة, لقطة أمريكية",معجم المصطلحات الاعلامية
402,close shot,لقطة مقرية لقطة,معجم المصطلحات الاعلامية
403,closed circuit,دارة مغلقة,معجم المصطلحات الاعلامية
404,closed circuit TV,دارة تلفزة مغلقة نظام تصوير وعرض للصورة في دائرة مغلقة يستعمل في الغالب الملات التجارية والموسسات),معجم المصطلحات الاعلامية
405,coded; scrambled py,مجموعة,معجم المصطلحات الاعلامية
406,color film,فلم بالألوات السيئما) شريط بالألوان التصوير),معجم المصطلحات الاعلامية
407,columnist,حور عمود,معجم المصطلحات الاعلامية
408,colored story ae,مقال ض م000 عمود,معجم المصطلحات الاعلامية
409,combined issues,عدد مردوج,معجم المصطلحات الاعلامية
410,comedian,ممثل,معجم المصطلحات الاعلامية
411,comedy,ملهاة,معجم المصطلحات الاعلامية
412,comic artist,مؤلف شرائط رسوم هزلية,معجم المصطلحات الاعلامية
413,comic strip; comics,شرائط هزلية رسوم,معجم المصطلحات الاعلامية
414,color TV,بالألوان تلفاز بالألوان نسخة,معجم المصطلحات الاعلامية
415,Color printing,طباعة بالألوان,معجم المصطلحات الاعلامية
416,aerial camera,جوية كاميرة,معجم المصطلحات الاعلامية
417,assistant manager,المدير نائب,معجم المصطلحات الاعلامية
418,angle,زاوية,معجم المصطلحات الاعلامية
419,caricature,كاريكاتير,معجم المصطلحات الاعلامية
420,cartoons,رسوم رسوم هزلية,معجم المصطلحات الاعلامية
421,informations,المعلومات ججة,معجم المصطلحات الاعلامية
422,irector,د مدير ير ام,معجم المصطلحات الاعلامية
423,editor,هدير الإخبار واجب يقضي بتبليغ طرف آخر بخبر معلومة من مه أو أن يكون على,معجم المصطلحات الاعلامية
424,"POR NUY Bi 2B, wig COREE",ع,معجم المصطلحات الاعلامية
425,Bye Tae SY,ل,معجم المصطلحات الاعلامية
426,extra long shot,لقطة جدّ عريضة,معجم المصطلحات الاعلامية
427,company publication,إعلان مقارن,معجم المصطلحات الاعلامية
428,ae,فباتت تتناقض آرائه ومعتقداته) مم,معجم المصطلحات الاعلامية
429,cover; cover page,غلاف,معجم المصطلحات الاعلامية
430,réception (d'un journal,توزيع,معجم المصطلحات الاعلامية
431,diagonal dissolve,مائلة صور لمحة,معجم المصطلحات الاعلامية
432,récit monté de toutes piéces,جه,معجم المصطلحات الاعلامية
433,go,شب احج سعد,معجم المصطلحات الاعلامية
434,wee pad‏,(درحة وضوح تعتمد على دعا ما المنطوط وهي عدد الصورة. الأفقية على شاشة التلفاز),معجم المصطلحات الاعلامية
435,fa Sf Te BS FOO OR Bs,لك نيد ا المج سم ا ا ا و لي,معجم المصطلحات الاعلامية
436,Rey ANG oy,ين ال ار,معجم المصطلحات الاعلامية
437,patty,حبر سريع وغالبا ما يكون تمهيدا لتفصيلات لاحقة),معجم المصطلحات الاعلامية
438,commercial break,"فاصل إعلان, فاصل إشهار",معجم المصطلحات الاعلامية
439,contract,كفو,معجم المصطلحات الاعلامية
440,base de données; banque de données,تاريخ,معجم المصطلحات الاعلامية
441,diffamatoires‏,ل ١ وضوحية,معجم المصطلحات الاعلامية
442,opt,(ما مايل يلي تطورات تت بعد وة عه وقوعه) الحدث من تطورات بعد,معجم المصطلحات الاعلامية
443,irecting,مُجهر التعليمات,معجم المصطلحات الاعلامية
444,oud,إشهار على صفحتي إعلان على الوسط,معجم المصطلحات الاعلامية
445,"St OE SO,",ل بإ ديه لان,معجم المصطلحات الاعلامية
446,awards,جوائز تشيجع أحسن الأعمال الإذاعة والتلفزة) حوائز في,معجم المصطلحات الاعلامية
447,ene,بيان لتصحيح في تصريح نشر,معجم المصطلحات الاعلامية
448,"AON,",امي مم,معجم المصطلحات الاعلامية
449,Gare,(نص على,معجم المصطلحات الاعلامية
450,VSG,ا ا لت ش,معجم المصطلحات الاعلامية
451,(lt,إرسال نطاق حهاز على,معجم المصطلحات الاعلامية
452,"ans, eas Ses,‏ ‘A",اك م,معجم المصطلحات الاعلامية
453,décorateur (cinéma),صحفي مخرج,معجم المصطلحات الاعلامية
454,eh x‏,مك لح,معجم المصطلحات الاعلامية
455,aid ty De,ا,معجم المصطلحات الاعلامية
456,LO SO. NRO IN,سر,معجم المصطلحات الاعلامية
457,ité,شكوى,معجم المصطلحات الاعلامية
458,expiration date,أجل أقصى,معجم المصطلحات الاعلامية
459,igita,رقمي,معجم المصطلحات الاعلامية
460,express company,كالة لوز,معجم المصطلحات الاعلامية
461,comics book Us”,شرائط رسوم,معجم المصطلحات الاعلامية
462,coming attractions,(ال..) المقبلة عروض تعليق,معجم المصطلحات الاعلامية
463,commentator;,معلق,معجم المصطلحات الاعلامية
464,commercial ie,وصلة صلة إث إشهارية؛ و إعلائية صفحة إشهارية,معجم المصطلحات الاعلامية
465,commercia sal,بلاغ إشهاري,معجم المصطلحات الاعلامية
466,commercial radio,تجارية إذاعة ش,معجم المصطلحات الاعلامية
467,corrective,تصويب أولا ستدراك,معجم المصطلحات الاعلامية
468,commercial ye,قناة تجارية تلفزة,معجم المصطلحات الاعلامية
469,communication,اتصال,معجم المصطلحات الاعلامية
470,communications,فن الاتصال» وسائل الاتصال,معجم المصطلحات الاعلامية
471,communicator,وكيل الاتصال,معجم المصطلحات الاعلامية
472,communique,بلاغ,معجم المصطلحات الاعلامية
473,community antenna,مشترك هواني,معجم المصطلحات الاعلامية
474,community viewing;,استقبال جماعي (مشاهدة او استماع),معجم المصطلحات الاعلامية
475,compact disk disk (CD) (CD,قرص مدمج,معجم المصطلحات الاعلامية
476,compact disk video,قرص فيديو,معجم المصطلحات الاعلامية
477,company,المؤسسة نشرة,معجم المصطلحات الاعلامية
478,advertising,إعلان تنافسي؛ إشهار تنافسي,معجم المصطلحات الاعلامية
479,complementary,مُكمُل,معجم المصطلحات الاعلامية
480,complete world,تغطية عالمية شاملة,معجم المصطلحات الاعلامية
481,complimentary gi,اشتراك,معجم المصطلحات الاعلامية
482,composer,ملحن,معجم المصطلحات الاعلامية
483,composition,تلحين,معجم المصطلحات الاعلامية
484,computer,حاسوب,معجم المصطلحات الاعلامية
485,computer animation IS,رسوم بالخاسوب,معجم المصطلحات الاعلامية
486,computer-aided,تعليمات,معجم المصطلحات الاعلامية
487,conference call,ظرة مناظرة عن عن بعد,معجم المصطلحات الاعلامية
488,connection,ربط,معجم المصطلحات الاعلامية
489,conscience clause,استقلال الرأي الرأي لصحفى حقه في استقلال الضمير والانسجام الوحدان ويقضي الصحفي مع استلام غيّرت مغادرة صحيئة تعريضات إذا,معجم المصطلحات الاعلامية
490,console,لوحة المفاتيح,معجم المصطلحات الاعلامية
491,consultant,مستشار,معجم المصطلحات الاعلامية
492,consumer; user,مستهلك,معجم المصطلحات الاعلامية
493,consumer profile,مواصفات المستهلك نال,معجم المصطلحات الاعلامية
494,consumerism,حماية المستهلكٍ,معجم المصطلحات الاعلامية
495,content analysis,تحليل المضمون,معجم المصطلحات الاعلامية
496,continuity,حملة إعلانية,معجم المصطلحات الاعلامية
497,continuity clerk,مقطع المشاهد (السيداريو),معجم المصطلحات الاعلامية
498,continuity cutting,تقطيع المشاهد (السيناريو),معجم المصطلحات الاعلامية
499,continuity inuity ttle ti,الربط عنوان,معجم المصطلحات الاعلامية
500,continuous fate,غَراض,معجم المصطلحات الاعلامية
501,continuous survey pot,تحقيق متصل»,معجم المصطلحات الاعلامية
502,contract film,منج أفلام,معجم المصطلحات الاعلامية
503,contract player fit,متعاقد,معجم المصطلحات الاعلامية
504,contrast,تضاد معاكس,معجم المصطلحات الاعلامية
505,contre jour,ضوء (تصرير في مواحهة الشمس و أو ضوء,معجم المصطلحات الاعلامية
506,contributing editor,مستشار التحرير,معجم المصطلحات الاعلامية
507,contribution,مقال مسامة,معجم المصطلحات الاعلامية
508,contributor;,مستّكتب (كاتب العاملون ف في الصحيفة) من من ب ون,معجم المصطلحات الاعلامية
509,control console;,مكتب المراقية,معجم المصطلحات الاعلامية
510,control room,المراقية حجرة,معجم المصطلحات الاعلامية
511,control hat,امر المراقبة مصوت,معجم المصطلحات الاعلامية
512,controller of,مبرمج البرامج مدير,معجم المصطلحات الاعلامية
513,convenience sample,عرّئة عشوائية,معجم المصطلحات الاعلامية
514,copvention,اتفاقية أ,معجم المصطلحات الاعلامية
515,conventional media; ali,وسائل الإعلام,معجم المصطلحات الاعلامية
516,cooperative,إعلان جماعي,معجم المصطلحات الاعلامية
517,co-production,إنتاج مشترك,معجم المصطلحات الاعلامية
518,copy,لسخة,معجم المصطلحات الاعلامية
519,policy copy approach; copy Ue,لص النص,معجم المصطلحات الاعلامية
520,copy block,دفتر التسمير,معجم المصطلحات الاعلامية
521,copy boy,الصحف,معجم المصطلحات الاعلامية
522,copy PY date; deadline,جل الإبداع,معجم المصطلحات الاعلامية
523,copy desk,مكتب المر اجعة,معجم المصطلحات الاعلامية
524,copy edit; yall,مراجعة,معجم المصطلحات الاعلامية
525,copy editor,مصحّح,معجم المصطلحات الاعلامية
526,copy schedule,برنامج المواد اللقالات أعداد الصحيفة المقبلة) حدول ستصدر في,معجم المصطلحات الاعلامية
527,copyguard; copy,مفتاح التأمين,معجم المصطلحات الاعلامية
528,copyright ABs,حق حق الملكية الفكرية؛ وهذه تشمل كل أو وهو إنتاج فئ أدي لهم,معجم المصطلحات الاعلامية
529,copyright notice,ذكر المؤلف حق,معجم المصطلحات الاعلامية
530,copyrighting,تسجيل المؤلفات (إبداع لدى مكتب حقوق التأليف),معجم المصطلحات الاعلامية
531,copywrite,محرّر مقالات,معجم المصطلحات الاعلامية
532,cordless sync yn,سلكي تزامن لا للصوت,معجم المصطلحات الاعلامية
533,corporation,شركة,معجم المصطلحات الاعلامية
534,correction,تدقيق (مراجعة,معجم المصطلحات الاعلامية
535,correspondent,مراميل تصويب بب (الأغلاط المطبعيّة),معجم المصطلحات الاعلامية
536,costume film,فلم تاريخي,معجم المصطلحات الاعلامية
537,costumes,ملايس,معجم المصطلحات الاعلامية
538,country of,بلد الإصدار,معجم المصطلحات الاعلامية
539,coupon,قسيمة,معجم المصطلحات الاعلامية
540,cover model,فتأة الغللاف على تظهر فتاة تستحيب,معجم المصطلحات الاعلامية
541,cover photograph; BIW,صورة,معجم المصطلحات الاعلامية
542,cover price oF,سعر(ال..) المعلن؛,معجم المصطلحات الاعلامية
543,cover story bys,هموضوع مقالة,معجم المصطلحات الاعلامية
544,cover title,الغلاف عنوان تغطية,معجم المصطلحات الاعلامية
545,crabs,عات مر,معجم المصطلحات الاعلامية
546,crane,رافعة,معجم المصطلحات الاعلامية
547,creativity,إبداع,معجم المصطلحات الاعلامية
548,credible,موثوق,معجم المصطلحات الاعلامية
549,credit line,المصدر بيان,معجم المصطلحات الاعلامية
550,credits; credit titles,مقلمة الفلم,معجم المصطلحات الاعلامية
551,creeping titles;,مُنسابة عناوين (غناوين مقدمة فلم تتساب متتابعة على شاشة العرض),معجم المصطلحات الاعلامية
552,crew,فريق عمل,معجم المصطلحات الاعلامية
553,critic,ناقدزال,معجم المصطلحات الاعلامية
554,critical view,وجهة نظر نقدية,معجم المصطلحات الاعلامية
555,criticism,نقدوال..),معجم المصطلحات الاعلامية
556,cross media,قطب صحفي أحهزة في ميدان الاعلام صحافة» شخص محطات إعلان؛,معجم المصطلحات الاعلامية
557,crosslighting,إضاءة متقاطعة,معجم المصطلحات الاعلامية
558,cue,إشارة البدء عل,معجم المصطلحات الاعلامية
559,cue card; flip card,بطاقة تذكير (بطاقة تذكر بعناصر البرتامج المتلفز),معجم المصطلحات الاعلامية
560,cue light,إضاءة العصوير,معجم المصطلحات الاعلامية
561,cue line,إشارة إشارة صحفي الاستوديو وثقنيي المحافظة للربط بين ين أو أو حبرين فاصلين),معجم المصطلحات الاعلامية
562,cue sheet; running,دليل التوفيت (ورقة تتضمن توقيت كل فقرة فقراث البرنامج من وتفاصيلها,معجم المصطلحات الاعلامية
563,cultural programme,برنامج,معجم المصطلحات الاعلامية
564,current events,حوادث(ال..) الجارية,معجم المصطلحات الاعلامية
565,current number,عدد اليوم (في الصصافة المكتوبة)»,معجم المصطلحات الاعلامية
566,curtain,ستار,معجم المصطلحات الاعلامية
567,curtain raiser,فقرة الافتعاح البرنامج الذي يعرض بعد رفع الستار مباشرة),معجم المصطلحات الاعلامية
568,cut,فاصل,معجم المصطلحات الاعلامية
569,cutversion,نسخة مختصرة,معجم المصطلحات الاعلامية
570,cutaway,لقطة فاملة أو لقطة تفصل بين مشهدين أو موضوعين في فلم) صورة,معجم المصطلحات الاعلامية
571,cut-in scene; keying,دئج نص (نص ف ف الصورة الصورة),معجم المصطلحات الاعلامية
572,cutline; caption,اسم المؤلف (مقالات اسم المرمرل قصاصات الأخبار),معجم المصطلحات الاعلامية
573,cut-offs,فواصل إشهارية,معجم المصطلحات الاعلامية
574,cutout,مَنَاظِر ظر مذو محذوفة,معجم المصطلحات الاعلامية
575,cutting copy,العمل الى يشتغل عليها المخرج أو مهندس الصوت أو فريق الدبلحة لإخخراج الفلم),معجم المصطلحات الاعلامية
576,dailies; daily papers,صحف يرمية,معجم المصطلحات الاعلامية
577,daily circulation,توزيع يومي,معجم المصطلحات الاعلامية
578,dallyevening paper,صحيفة مسائية يريد,معجم المصطلحات الاعلامية
579,daily newspaper,صحيفة يومية,معجم المصطلحات الاعلامية
580,daily press,مؤترات صحفية يوهمية,معجم المصطلحات الاعلامية
581,dally ily prog programme,برنامج يومي,معجم المصطلحات الاعلامية
582,daily report,تقرير يومي,معجم المصطلحات الاعلامية
583,daily returns ae,يومية,معجم المصطلحات الاعلامية
584,daily-news,أخبار,معجم المصطلحات الاعلامية
585,darkroom,غرفة مظلمة,معجم المصطلحات الاعلامية
586,data Ay yo},معطيات,معجم المصطلحات الاعلامية
587,data communications,اتصال معلومات جمع ا,معجم المصطلحات الاعلامية
588,database; databank,قاعدة معلومات,معجم المصطلحات الاعلامية
589,date of issue; date,تاريخ,معجم المصطلحات الاعلامية
590,dateline led,بركيّات بيانات العدد في صحيفة تاريخ العدد؛ ورقمه؛ ورقم والسنة؛ هي,معجم المصطلحات الاعلامية
591,dayshift‏,النهار فريق في في (العاملوت التهار مقابل العاملين في اللبل),معجم المصطلحات الاعلامية
592,daytime schedule‏,جدول البوم ول برامج ا (إذاعة»,معجم المصطلحات الاعلامية
593,deadair wee,(فترة ينقطع ات فيها البث الإذاعي) ١,معجم المصطلحات الاعلامية
594,dead copy‏,مقال سبق,معجم المصطلحات الاعلامية
595,deadline‏,أجل أقصى مورّع,معجم المصطلحات الاعلامية
596,death notice‏,ني,معجم المصطلحات الاعلامية
597,deceiful advertising‏,"إشهار كاذب, إعلان كاذب",معجم المصطلحات الاعلامية
598,decipher (to)‏,فك,معجم المصطلحات الاعلامية
599,decision-maker‏,صاتع القرار,معجم المصطلحات الاعلامية
600,deck,ثانوي (غالبا ما يكتب بحروف أصغر حروف العتوان الرئيسي) من,معجم المصطلحات الاعلامية
601,declaration;‏,جرح خض الأهمية أحد الأنتبار عملية قرز الأهم إلى الأقل فجعله في أدنسى) من,معجم المصطلحات الاعلامية
602,decoder‏,الترهيز” يفكسك (حهاز برامج التلفزة الي لاستقبالها مرمزة استقبالا بالا واضحام,معجم المصطلحات الاعلامية
603,décor pe‏,١ إهداء,معجم المصطلحات الاعلامية
604,deep focus‏,مسالة بؤريّة عميقة ن الك لتصوير),معجم المصطلحات الاعلامية
605,deep throat AMS‏,ملفل مصدر ر,معجم المصطلحات الاعلامية
606,defamation; libel‏,قَذْف,معجم المصطلحات الاعلامية
607,defamation case‏,قذف دعوى,معجم المصطلحات الاعلامية
608,defamatory words‏,ل القذف عبارات,معجم المصطلحات الاعلامية
609,definitive edition ASU,طبعة,معجم المصطلحات الاعلامية
610,delay elay tme ti,وقت احتياطي,معجم المصطلحات الاعلامية
611,delayed broadcast,مسجّل بث سه تسلم,معجم المصطلحات الاعلامية
612,fade-in aqde- in (film),رفع الصوت تدريجياء ل ظهور ظهور معالم الصورة إلى أن يكتمل تدريجيا وضوحها),معجم المصطلحات الاعلامية
613,delivery,مو,معجم المصطلحات الاعلامية
614,demodulator,مزيل التعديل,معجم المصطلحات الاعلامية
615,demonstration,عَرْض,معجم المصطلحات الاعلامية
616,demonstration video Kites,شريط,معجم المصطلحات الاعلامية
617,denial; disclaimer,تكذيب,معجم المصطلحات الاعلامية
618,deontol osy,أعراف المهنة ما يتصل بأحلاق المهنة وتقاليدها وآدابها),معجم المصطلحات الاعلامية
619,deposit copy,الإيداع نسخة,معجم المصطلحات الاعلامية
620,depth interview,مُعَمُق استجواب,معجم المصطلحات الاعلامية
621,depth of focus,عُمق عمق الوضوح,معجم المصطلحات الاعلامية
622,description,وصف,معجم المصطلحات الاعلامية
623,descriptive title ge),عنوان,معجم المصطلحات الاعلامية
624,descryption;,فلك,معجم المصطلحات الاعلامية
625,designer estas,(سينما),معجم المصطلحات الاعلامية
626,desk,أمانة التحرير,معجم المصطلحات الاعلامية
627,desk editor,رئيس نشرة خرر متخصص,معجم المصطلحات الاعلامية
628,desk man gh,صحفي عمله في مكاتب أو الإذاعة أو التلفزة ولا يقوم باستطلاعات,معجم المصطلحات الاعلامية
629,desk work ae,عمل,معجم المصطلحات الاعلامية
630,desktop PP publishin tes,بالحاسوب,معجم المصطلحات الاعلامية
631,detailed account fais,تقرير,معجم المصطلحات الاعلامية
632,detective novel,رواية بوليسية,معجم المصطلحات الاعلامية
633,developing story,حَدّث جار,معجم المصطلحات الاعلامية
634,devil,مأجور قلم (يقوم بالتحرير أو التأليف تصالم غيره مقابل,معجم المصطلحات الاعلامية
635,dialect,جوارية,معجم المصطلحات الاعلامية
636,dialogue writer,كاتب حواريّات,معجم المصطلحات الاعلامية
637,diaphragm di,(آلة التصوير),معجم المصطلحات الاعلامية
638,diary,يوميّة على شكل كراسة تستعمل مفكرة يرمية سنوي للمواعيد),معجم المصطلحات الاعلامية
639,dictationist; phone,مُخْتزلة,معجم المصطلحات الاعلامية
640,digest,غنتار,معجم المصطلحات الاعلامية
641,digital photography,رقمية صورة,معجم المصطلحات الاعلامية
642,diplomatic sources,مصادر دبلوماسية,معجم المصطلحات الاعلامية
643,direct advertising pile,إعلان,معجم المصطلحات الاعلامية
644,direct broadcasting,أقماروسواتل) البث المباشر,معجم المصطلحات الاعلامية
645,direct interview,مقابلة مباشرة,معجم المصطلحات الاعلامية
646,directive interview,مقابلة موجهة,معجم المصطلحات الاعلامية
647,director of,التصوير هدير ع ل,معجم المصطلحات الاعلامية
648,directory,مذكرة دليل؛ دليل عناوين,معجم المصطلحات الاعلامية
649,«dirt,شائعة,معجم المصطلحات الاعلامية
650,disc jockey (D.J. (D.3.),(يقوم وبث الأغان الملائمة للبرنامج أو السهرة),معجم المصطلحات الاعلامية
651,discussion leader,مُنَاظرة هدير,معجم المصطلحات الاعلامية
652,discussion,طاولة مُناظرة,معجم المصطلحات الاعلامية
653,dishonest di advertising dvertisi by,إعلان غير فيرش,معجم المصطلحات الاعلامية
654,dispatch(to patch(to),أن ق برف,معجم المصطلحات الاعلامية
655,dispatching SY),(رزم الصحف ف مجموعات ثمهيدا لترزيعها),معجم المصطلحات الاعلامية
656,display advertizing,نالعإ إشهار مصون مصور,معجم المصطلحات الاعلامية
657,display screen,شاشة عرض,معجم المصطلحات الاعلامية
658,dissolve (cinema),تلاشي الانتقال لقطة إلى أحرى بانصهار الأولى وفلهور الثانية من تدريجيا),معجم المصطلحات الاعلامية
659,distant shot; master,لقطة شاملة,معجم المصطلحات الاعلامية
660,distortion Oth,تحريف توزيع,معجم المصطلحات الاعلامية
661,distribution channels,قنوات التوزيع,معجم المصطلحات الاعلامية
662,«distribution network,شبكة التوزيع,معجم المصطلحات الاعلامية
663,distribution retease,التوزيع رخصة,معجم المصطلحات الاعلامية
664,distribution rights,التوزيع حقوق,معجم المصطلحات الاعلامية
665,district transmitter,مُرميلة إقليمية,معجم المصطلحات الاعلامية
666,division label get,حرف,معجم المصطلحات الاعلامية
667,document,وثيقة,معجم المصطلحات الاعلامية
668,documentary film,فلم وثائقي,معجم المصطلحات الاعلامية
669,docurama,فلم وثائقي درامي,معجم المصطلحات الاعلامية
670,do-it-yourself,نشر (نشر على نفقة الكاتب),معجم المصطلحات الاعلامية
671,dolly cppadl,عربة,معجم المصطلحات الاعلامية
672,dolly shot,لقطة متحركة,معجم المصطلحات الاعلامية
673,domestic affairs RAH,شؤون (ال..),معجم المصطلحات الاعلامية
674,domestic news LAs,أنباء وكالة,معجم المصطلحات الاعلامية
675,double column,عمود,معجم المصطلحات الاعلامية
676,double page page sp spread,الوسط صفحتا,معجم المصطلحات الاعلامية
677,double title Peg “pad pe,على صفحتين,معجم المصطلحات الاعلامية
678,double track thd,ف,معجم المصطلحات الاعلامية
679,down page; bottom,أسفل الصفحة,معجم المصطلحات الاعلامية
680,draft,“دق مذ,معجم المصطلحات الاعلامية
681,drama (film),(دراما) إلى المأساة وتكون أحدائها نوعين: وهي ذات طابع هزلي),معجم المصطلحات الاعلامية
682,dramatic fees oon,حقوق العرض (حقوق مؤلف المسرحية فرقة فنية على السرح على وتعرضها,معجم المصطلحات الاعلامية
683,dressing room,غرفة الملابس مقصورة الفنانين الي فيها على ملابسهم المسرح),معجم المصطلحات الاعلامية
684,drive time,فترة السائقين حصّة زمئّة مخصّصة سياراتهم أو لاستماع السائفين في حائلاتم),معجم المصطلحات الاعلامية
685,drive-in-cinema;,سينما السيّارات المواء الطلق» المتفرحون يسمّاراتهم) يرتادها,معجم المصطلحات الاعلامية
686,dubbed film,فلم,معجم المصطلحات الاعلامية
687,dubbed version,نسخة,معجم المصطلحات الاعلامية
688,dubbing,دبلجة: ترجمة الموت,معجم المصطلحات الاعلامية
689,dubbing studio,حُجرة ترجمة,معجم المصطلحات الاعلامية
690,dummy,تصميم,معجم المصطلحات الاعلامية
691,duplex,رسط,معجم المصطلحات الاعلامية
692,earphone,ذنان مستطيلان أو الزاويتين العُلويتين من الخريدة» عل بمين العتوان وعلى يساره),معجم المصطلحات الاعلامية
693,earth station ibs,أرضية,معجم المصطلحات الاعلامية
694,echo,صدى,معجم المصطلحات الاعلامية
695,economic column,ركن اقتصادي,معجم المصطلحات الاعلامية
696,edited by,صادر بإشراف..,معجم المصطلحات الاعلامية
697,Als,هيئة إدارة جريدة,معجم المصطلحات الاعلامية
698,editing bench;,طاولة التوليف,معجم المصطلحات الاعلامية
699,editing,قاعة التوليف(فِلّم): قاعة التحرير عل,معجم المصطلحات الاعلامية
700,edition,طبْعة,معجم المصطلحات الاعلامية
701,editor,"التأليف (فلم)» مدير مدير السلسلة نشر)) (النشر), محور تلفزة)",معجم المصطلحات الاعلامية
702,editorial conference,اجتماع التحرير هيئة,معجم المصطلحات الاعلامية
703,editorial,إدارة التحرير,معجم المصطلحات الاعلامية
704,editorial policy,سياسة التحرير,معجم المصطلحات الاعلامية
705,editorial staff,التتحربر,معجم المصطلحات الاعلامية
706,editorial,تزمين الافتتاحية آراء أو أفكار أو دسها في أومقال) (تعبير عن,معجم المصطلحات الاعلامية
707,editorialist; editorial,كاتب,معجم المصطلحات الاعلامية
708,editorializing,رأي تضمين (تعبير آراء أو أفكار أو دسها في حبر أو مقال) عن,معجم المصطلحات الاعلامية
709,editor-in-chief HEL,رئيس,معجم المصطلحات الاعلامية
710,editor's note,ملاحظة التحرير,معجم المصطلحات الاعلامية
711,fair and accurate,تقرير نزيه م,معجم المصطلحات الاعلامية
712,educational,برنامج تربري,معجم المصطلحات الاعلامية
713,educational film eo,تربوي,معجم المصطلحات الاعلامية
714,educational,تلفزة تلفزة تربو تربوية,معجم المصطلحات الاعلامية
715,effective,فكال,معجم المصطلحات الاعلامية
716,effective date Lal,تاريخ,معجم المصطلحات الاعلامية
717,electronic character-,إلكترون للحروف,معجم المصطلحات الاعلامية
718,electronic editing,توليف إلكتروي(التلفزة),معجم المصطلحات الاعلامية
719,electronic journalism,ةينورتكلإ مبحافة,معجم المصطلحات الاعلامية
720,electronic mail,بريد إلكتروي,معجم المصطلحات الاعلامية
721,electronic media,وسائل اتصال نية,معجم المصطلحات الاعلامية
722,electronic publishing,نشر,معجم المصطلحات الاعلامية
723,embargo,كتمان (وهو واحب الصحفي إلى أحل,معجم المصطلحات الاعلامية
724,emcee (master of,قطب السهرة أو (وهر في الغالب عمثل صحفي مشهور),معجم المصطلحات الاعلامية
725,en clair,بلا ترميز,معجم المصطلحات الاعلامية
726,encoding; coding,كرميز,معجم المصطلحات الاعلامية
727,end notes,هواميش,معجم المصطلحات الاعلامية
728,end title (cinema),(ال...),معجم المصطلحات الاعلامية
729,engineering staff;,قن فريق,معجم المصطلحات الاعلامية
730,enlarged edition,طبعة,معجم المصطلحات الاعلامية
731,enlargement; blow-,تكبير,معجم المصطلحات الاعلامية
732,entertainment,حفلة تسلية,معجم المصطلحات الاعلامية
733,entertainment film,فلم تسلية,معجم المصطلحات الاعلامية
734,entertainment guide,دليل السهرة التسلية المتاحة السهرة) بعروض في,معجم المصطلحات الاعلامية
735,entertainment,برنامج تسلية,معجم المصطلحات الاعلامية
736,entertainment world fle,الاستعراض,معجم المصطلحات الاعلامية
737,entitled (to be),مفوض,معجم المصطلحات الاعلامية
738,entry,مَدْعَل,معجم المصطلحات الاعلامية
739,episode,حلقة,معجم المصطلحات الاعلامية
740,equal time; fairness,في مساواة المعاملة (واحب معاملة الأحزاب والمرشحين للانتضابات معاملة الحملات الانتخحابية),معجم المصطلحات الاعلامية
741,erratum,تصويب (الأغلاط م الكتب) الطباعية في,معجم المصطلحات الاعلامية
742,ethics,آداب المهنة,معجم المصطلحات الاعلامية
743,evening paper;,المساء صحيفة,معجم المصطلحات الاعلامية
744,excerpts of filmed,مقاطع مصوّرة فلم,معجم المصطلحات الاعلامية
745,exclusive rights,الانفراد حقوق أو مقايلة) (ببث مبارات نشر,معجم المصطلحات الاعلامية
746,exclusivity,انفراد,معجم المصطلحات الاعلامية
747,executive editor,رئيس التحرير المنفدذ,معجم المصطلحات الاعلامية
748,executive producer,منفذ منتج,معجم المصطلحات الاعلامية
749,exemption of duties,إعفاء من,معجم المصطلحات الاعلامية
750,exhibited books,كتب معروضة,معجم المصطلحات الاعلامية
751,exhibition rights PA aa,حقوق,معجم المصطلحات الاعلامية
752,expanded edition date,طبعة,معجم المصطلحات الاعلامية
753,experimental wet,نامج ارنامج تجرد,معجم المصطلحات الاعلامية
754,extension of Ste,التأليف حقوق,معجم المصطلحات الاعلامية
755,exterior filming;,ير,معجم المصطلحات الاعلامية
756,extra copies Cae,نسي إضافية الأصل) (ج. وهي من,معجم المصطلحات الاعلامية
757,extracts; excerpts,مختارات,معجم المصطلحات الاعلامية
758,extras Fav,(لصحيفة أو,معجم المصطلحات الاعلامية
759,extreme opinion he,رأي,معجم المصطلحات الاعلامية
760,eye catcher,لافت للنظر,معجم المصطلحات الاعلامية
761,eye contact,درام النُظر كاميرة التلفزة),معجم المصطلحات الاعلامية
762,eye wash sat,الدماع حشر,معجم المصطلحات الاعلامية
763,eyewitness OW,شاهد,معجم المصطلحات الاعلامية
764,eyew ewitness account,قرير تقرير شاهد شاهد عيان,معجم المصطلحات الاعلامية
765,frequency,التردد تعديل,معجم المصطلحات الاعلامية
766,fabricated account Ba,تقرير,معجم المصطلحات الاعلامية
767,face time ware,ظهور ظهرر شخص على شاشة في فى فلم فلم أو أو برنامج) (مذة شد برنا ز,معجم المصطلحات الاعلامية
768,face-to-face ry,لوجه,معجم المصطلحات الاعلامية
769,edition poli,طباعة,معجم المصطلحات الاعلامية
770,facsimile,تقل ناسوخي,معجم المصطلحات الاعلامية
771,fact sheet,ووقة الاسترشاد,معجم المصطلحات الاعلامية
772,factual report,تقرير وقائع,معجم المصطلحات الاعلامية
773,fade over,توالي التلاشي والظهور,معجم المصطلحات الاعلامية
774,fade-out ps,خفوت الصوت تدريجيا (اختفاء معالم معالم الصورة بالتدر بالتدريج) الصورة,معجم المصطلحات الاعلامية
775,fader,أو حهاز لتخفيض النور إضعاف حدة أو زر أو الصوت,معجم المصطلحات الاعلامية
776,false se inf information,خبر,معجم المصطلحات الاعلامية
777,fair comment,نقد نزيه,معجم المصطلحات الاعلامية
778,fair copy,نظيفة نسخخة,معجم المصطلحات الاعلامية
779,fair use,ذكر المصدر واجب (ن الاقتباس؛ والاقتباس جائز؛ إذا كان اقتباسا مولف من في حدود قانون حماية حقوق,معجم المصطلحات الاعلامية
780,fake interview,مقابلة ملفقة,معجم المصطلحات الاعلامية
781,false advertising,إعلان كاذب ش,معجم المصطلحات الاعلامية
782,family film,للم للأسرة ش,معجم المصطلحات الاعلامية
783,family magazine ale,الأسرة,معجم المصطلحات الاعلامية
784,family viewing,برنامج للأسرة (في العلفزة),معجم المصطلحات الاعلامية
785,fax,"ناسوخ, مرسال (فاكس)",معجم المصطلحات الاعلامية
786,feature article;,"مقال أساسي, مقال بارزء استطلاع كير",معجم المصطلحات الاعلامية
787,feature film; full-,فلم رئيسي نْ قاعة سينما تعرض طويل يل تعرض قصير) ينما فلم,معجم المصطلحات الاعلامية
788,feature presentation,فلم رئيسي,معجم المصطلحات الاعلامية
789,feature work,مقال هتميّز» تحرير مقالات متخصصة,معجم المصطلحات الاعلامية
790,federal register,جريدة(ال...)الرسمية,معجم المصطلحات الاعلامية
791,feedback,ارتداد,معجم المصطلحات الاعلامية
792,feuilleton,مسلسّل,معجم المصطلحات الاعلامية
793,fiction; work of,عمل روائي,معجم المصطلحات الاعلامية
794,fiction film old,روائي,معجم المصطلحات الاعلامية
795,field broadcast,استطلاع ميداي,معجم المصطلحات الاعلامية
796,field frequency,الترذدات,معجم المصطلحات الاعلامية
797,field of view Ups,مجال,معجم المصطلحات الاعلامية
798,field of vision aul,مال,معجم المصطلحات الاعلامية
799,field test,اختبار هيداني,معجم المصطلحات الاعلامية
800,figure,رجيه زج. وجهاء),معجم المصطلحات الاعلامية
801,file,ملف,معجم المصطلحات الاعلامية
802,story(to) dy ido,ملف),معجم المصطلحات الاعلامية
803,file film gol ub,وشائق,معجم المصطلحات الاعلامية
804,filler,مقال تكميلي,معجم المصطلحات الاعلامية
805,film; movie,فلم,معجم المصطلحات الاعلامية
806,film,شريط خام(للكاميرة),معجم المصطلحات الاعلامية
807,film archives,محفوظات سينمائية,معجم المصطلحات الاعلامية
808,film art director (Sy,الفئي للفلم مدير عل,معجم المصطلحات الاعلامية
809,"film card ay,",مخرج,معجم المصطلحات الاعلامية
810,film editor,مُؤَلف فنا ووه سينمائي,معجم المصطلحات الاعلامية
811,film for adults,للكبار,معجم المصطلحات الاعلامية
812,film gate (of,نافءة لغرض,معجم المصطلحات الاعلامية
813,film goer: movie goer,السينما هاوي,معجم المصطلحات الاعلامية
814,film industry,صيناعة السيتما,معجم المصطلحات الاعلامية
815,film library,مكتبة الأفلام السينمائية),معجم المصطلحات الاعلامية
816,film magazine Ue,السيتما,معجم المصطلحات الاعلامية
817,film music pb,موسيقى,معجم المصطلحات الاعلامية
818,film preview,يلم إعلان,معجم المصطلحات الاعلامية
819,film production,الأفلام إنتاج,معجم المصطلحات الاعلامية
820,film review,الفلم تقويم (عرض ومراحعة نقدية),معجم المصطلحات الاعلامية
821,film reviewer; film,اقد إعلاي,معجم المصطلحات الاعلامية
822,film rights,حقوق الإخراج السينمائي,معجم المصطلحات الاعلامية
823,film star ve of,سينمائي,معجم المصطلحات الاعلامية
824,film technician,تقي الفلم,معجم المصطلحات الاعلامية
825,film trick,خدعة سيئمائية,معجم المصطلحات الاعلامية
826,film unit;,فريق التصوير عل,معجم المصطلحات الاعلامية
827,filming; schooting,تصوير,معجم المصطلحات الاعلامية
828,fina! edition,الأخيرة,معجم المصطلحات الاعلامية
829,financial news,أخبار المال بر,معجم المصطلحات الاعلامية
830,financial paper,أخبار صحيفة المال,معجم المصطلحات الاعلامية
831,fine arts,فنون نوت (ال...)الجميلة,معجم المصطلحات الاعلامية
832,fine cut,توليف ديق توليف,معجم المصطلحات الاعلامية
833,fine focus pall,الصورة منظار الكاميرة ترضيح عبر عدسات,معجم المصطلحات الاعلامية
834,first edition,طبعة(ال...) الأولي,معجم المصطلحات الاعلامية
835,first generation film,الجيل الأرل,معجم المصطلحات الاعلامية
836,first run; first,عرض(ال...) الأول,معجم المصطلحات الاعلامية
837,first showing rie te,أوّل أوّل,معجم المصطلحات الاعلامية
838,first-day story Sle,اليوم الأول الأول أحزاء) (الجرء مقال في من,معجم المصطلحات الاعلامية
839,firsthand news,المصدر المباشر خبر,معجم المصطلحات الاعلامية
840,five w’s,أسئلة (ال...)القمسة (مَنَ/ ماء لماذا),معجم المصطلحات الاعلامية
841,flag,شعار صحيفة,معجم المصطلحات الاعلامية
842,flagging (TV),توج الصّورة,معجم المصطلحات الاعلامية
843,flash frame,صورة بع بيضاء,معجم المصطلحات الاعلامية
844,flashback,إلى الوراء أو أو أحداث) رحوع لاستعاذة صور مواقف,معجم المصطلحات الاعلامية
845,flat colours,ألوان هادئة,معجم المصطلحات الاعلامية
846,flat rate,اتفاقي سعر,معجم المصطلحات الاعلامية
847,flight,فترة فترة إعلانية: إشهارية,معجم المصطلحات الاعلامية
848,ight saturation Bed,تركيز تممّع الأقصى من الإعلانات في فترة محدودة),معجم المصطلحات الاعلامية
849,flip over,قلب الصورة التلفزة؛ تُقلب الصورة وكأئها تُطوى صفحة عند لقطة إلى من,معجم المصطلحات الاعلامية
850,copublication,نشر مشترك,معجم المصطلحات الاعلامية
851,cut-in,"عنوان فاصل (صحافة مكتوبة), فاصل فاصل إشهاري(إذاعة تلفرة)",معجم المصطلحات الاعلامية
852,editorial,افتتاحية,معجم المصطلحات الاعلامية
853,film recording,الأفلام,معجم المصطلحات الاعلامية
854,film script,كنابة تقطيع المشاهد (سيناريو) عراض سيتمائي,معجم المصطلحات الاعلامية
855,pos GUL,و ال نولع: ا,معجم المصطلحات الاعلامية
856,"Sas, Bees",رتم ا ا,معجم المصطلحات الاعلامية
857,EES uA BA wos ay,ا,معجم المصطلحات الاعلامية
858,Bee er rs Se,ا,معجم المصطلحات الاعلامية
859,Sead gs,فا,معجم المصطلحات الاعلامية
860,ASN te,لسري حي ا ا,معجم المصطلحات الاعلامية
861,"OP WO, Ge",ل ظ,معجم المصطلحات الاعلامية
862,pel,يعمل مستقلا أي حريدة ويتقاضى بالصفحة) عن,معجم المصطلحات الاعلامية
863,aye,م سيا,معجم المصطلحات الاعلامية
864,det,(لقطه عمودية إلى أسفل) من,معجم المصطلحات الاعلامية
865,Ol,بارز,معجم المصطلحات الاعلامية
866,CH,(شخص واسع,معجم المصطلحات الاعلامية
867,marque d'éditeur,علامة الناشر,معجم المصطلحات الاعلامية
868,interviewee,ست,معجم المصطلحات الاعلامية
869,(eld dolls,غلب الأخبار,معجم المصطلحات الاعلامية
870,laboratory work,أعمال مخخبرية,معجم المصطلحات الاعلامية
871,circulation,توزيع(ال...) الكامل,معجم المصطلحات الاعلامية
872,guest writer,ش كاتب ضيف,معجم المصطلحات الاعلامية
873,Issue(copy);,طبعة,معجم المصطلحات الاعلامية
874,"ALY, KU alu,",و,معجم المصطلحات الاعلامية
875,oh eval,ت,معجم المصطلحات الاعلامية
876,ZT REZ RT INST Sc,"١, اح لواح",معجم المصطلحات الاعلامية
877,pats Sat,مي مسحي,معجم المصطلحات الاعلامية
878,genre,ميف,معجم المصطلحات الاعلامية
879,advertisin,تقوم جماعة المعلتين لصالح أو خدمة) به من مُنتج,معجم المصطلحات الاعلامية
880,cinema ci,تفاعلية سينما,معجم المصطلحات الاعلامية
881,azst,(بحلة أنيقة تطبع على ورق صفيل) غالبا,معجم المصطلحات الاعلامية
882,number (1.S.S.N.),المطبوعات .الذولي المعياري,معجم المصطلحات الاعلامية
883,mug,صورة هوية,معجم المصطلحات الاعلامية
884,on advertisin,الو نات إعلانات ظائة الوظائف,معجم المصطلحات الاعلامية
885,et),ساعة عة في اليرم) سلسلة,معجم المصطلحات الاعلامية
886,AO Xe Srv Shp af,ا,معجم المصطلحات الاعلامية
887,images inserees; scene de raccor,مع واصيل,معجم المصطلحات الاعلامية
888,humourous paper,هزلية صحيفة,معجم المصطلحات الاعلامية
889,generic term,العلامة اسم (هر علامة اتتشرت انتشارا واسعاء فغدت,معجم المصطلحات الاعلامية
890,impression,التأثير المارَّةَ أو أو لافتة احتمال الشاهدين بن إعلانا ل فرصة لحدوث الأثر المطلرب في نفوسهم),معجم المصطلحات الاعلامية
891,"AL, Lg FORMAL FEO OE AE,",م ا,معجم المصطلحات الاعلامية
892,folklore,فلكلور (مأئورات وتراث شعي),معجم المصطلحات الاعلامية
893,float time,فترة فراغ,معجم المصطلحات الاعلامية
894,flood,ضوء غامر فيض الضوء الساطع يغطي مساحة عريضة) من,معجم المصطلحات الاعلامية
895,flood light,إضاءة غامرة إضاءة صنعيّة على بحو يفضي إلى إنارة المشاهد يراد تصويرها متناسقة),معجم المصطلحات الاعلامية
896,floor manager (U.S.),مدير,معجم المصطلحات الاعلامية
897,flow chart,برنامج إعلامي,معجم المصطلحات الاعلامية
898,flow of information,تدقق المعلومات,معجم المصطلحات الاعلامية
899,flutter,بريق تغاوت في حلاء الصورة على شاشة التلفاز),معجم المصطلحات الاعلامية
900,fly-boy; printer's,المؤسسة ساعي,معجم المصطلحات الاعلامية
901,flyer; yer,أشخماص عليها قبل السوق يعرض عرضه في لإبداء الرأء فيه),معجم المصطلحات الاعلامية
902,focused interview,مقابلة معمّقة,معجم المصطلحات الاعلامية
903,folder sh’,(منشور إعلاي مطوي),معجم المصطلحات الاعلامية
904,folio,رقم الصفحة,معجم المصطلحات الاعلامية
905,foot of page,أسفل الصفحة,معجم المصطلحات الاعلامية
906,footage,طول قصير أو طويل),معجم المصطلحات الاعلامية
907,footnote,هوامش,معجم المصطلحات الاعلامية
908,forbidden books,كتب محظورة,معجم المصطلحات الاعلامية
909,forecast (dt),توقعات,معجم المصطلحات الاعلامية
910,foreground,المنظر المراد الخشبة),معجم المصطلحات الاعلامية
911,foreign TIEN,مُرَاميل هن (من دولة أحتبية»,معجم المصطلحات الاعلامية
912,foreign desk,مكتب الشؤون,معجم المصطلحات الاعلامية
913,foreign editor,محرّر الشؤون الخارجية,معجم المصطلحات الاعلامية
914,foreign film,فلم أجبي,معجم المصطلحات الاعلامية
915,foreign language,حقوق الترجمة من موق حقرق ترجمة مؤلف لنى من لخ لغة إلى,معجم المصطلحات الاعلامية
916,foreign version,أجنبية لسخخحة,معجم المصطلحات الاعلامية
917,foreword,(تقدم يستهل به,معجم المصطلحات الاعلامية
918,format,مط شكل الكتاب بحسب قياس الصفحة فيه أنواع:,معجم المصطلحات الاعلامية
919,fortnightly,نصف شهري,معجم المصطلحات الاعلامية
920,fourth estate,(ال...) الرابعة (وهي الصحاتة),معجم المصطلحات الاعلامية
921,frame,إطار,معجم المصطلحات الاعلامية
922,frame counter; ate,قلب الصور,معجم المصطلحات الاعلامية
923,frame size boas,قطع الصورة,معجم المصطلحات الاعلامية
924,frames per second,الصُور في الثانية عدد,معجم المصطلحات الاعلامية
925,framing,تأطير تقطبع,معجم المصطلحات الاعلامية
926,franchise,"إعفاء,",معجم المصطلحات الاعلامية
927,free circulation,مجانية نشرة,معجم المصطلحات الاعلامية
928,free flow of,حرية تداول المعلومات,معجم المصطلحات الاعلامية
929,free insertion,إدراج (في مال الإعلان),معجم المصطلحات الاعلامية
930,free paper Hilt,صحرفة,معجم المصطلحات الاعلامية
931,free sample UAE,عينة ملسي إشهاري,معجم المصطلحات الاعلامية
932,free write up,استطلاع إعلاني,معجم المصطلحات الاعلامية
933,freedom of the press,حريّة الصحافة عل,معجم المصطلحات الاعلامية
934,freelance,غير ملتزم صحفي,معجم المصطلحات الاعلامية
935,freeze frame,وقوف على صورة,معجم المصطلحات الاعلامية
936,frequency of issue; pall,و تبرة,معجم المصطلحات الاعلامية
937,front cover,الغلاف,معجم المصطلحات الاعلامية
938,front page; page; title,ف العناوين ب صفحة (ال...)الأول,معجم المصطلحات الاعلامية
939,front view,أمامي منظر,معجم المصطلحات الاعلامية
940,full showing,إعلان متواصل (يتكيّر ظهورهُ ني كلل طبعة من طبعات اللحريدة في اليوم,معجم المصطلحات الاعلامية
941,full house (cinema) Moe,قاعة (ملأى حتى لم ببق فيها مكان,معجم المصطلحات الاعلامية
942,full licence nice,إجازة,معجم المصطلحات الاعلامية
943,fult scale,بالحجم الطبيم,معجم المصطلحات الاعلامية
944,full shot,تقطة كاملة,معجم المصطلحات الاعلامية
945,full-page ad,إعلان صفحة كاملة,معجم المصطلحات الاعلامية
946,fulltimer,بث متميل,معجم المصطلحات الاعلامية
947,gaffer (film) by,تقيّ الكهرباء فلم) فكاهة (مرقف هزلي يعتمد على المفاحأة فيثير الضحك),معجم المصطلحات الاعلامية
948,gag writer,كاتب فكاهات,معجم المصطلحات الاعلامية
949,gain,زيادة,معجم المصطلحات الاعلامية
950,galiup poll,استطلاع آراء,معجم المصطلحات الاعلامية
951,gallup(to),استطلع الآراء الفعل الانكليزي مأخوذ أشهر أمريكية من اسم موسسة لاستطلاع,معجم المصطلحات الاعلامية
952,gameshow,ألعاب,معجم المصطلحات الاعلامية
953,gap,(فراغ في صفحة). فجوة,معجم المصطلحات الاعلامية
954,gate te,بوابة باب,معجم المصطلحات الاعلامية
955,gatefold,زائدة مَطويّة (ورقة تحريرية أو إشهارية كبير لتكون من ححم في,معجم المصطلحات الاعلامية
956,gatekeeper jou,الأخبار على فرزالأخخبار يسهر ونشر ما يتماشى المؤسسة مع أو ايديولوحيتها),معجم المصطلحات الاعلامية
957,gazette,صحرفة,معجم المصطلحات الاعلامية
958,general audience; HS,وال..) (هر المدمهور العام أو عامة النلس أو,معجم المصطلحات الاعلامية
959,general view,نظرة إجمالية,معجم المصطلحات الاعلامية
960,generic advertising gett,إعلان عن,معجم المصطلحات الاعلامية
961,geographic coverage,تغطية,معجم المصطلحات الاعلامية
962,ghost brand,علامة غير مسبجّلة علامة أو تسجيلها لدى مكتب غير معروفة يسبق الِلْكيّة التجارية والصناعية),معجم المصطلحات الاعلامية
963,ghostwriter,قلم مأجور,معجم المصطلحات الاعلامية
964,gift complimentary;,مهداة نسخحة,معجم المصطلحات الاعلامية
965,gift subscription Rar,أشعراك,معجم المصطلحات الاعلامية
966,give-away,إعلانية هدايا د,معجم المصطلحات الاعلامية
967,give-away leaflet,نشرة,معجم المصطلحات الاعلامية
968,give-away prizes,جوائز,معجم المصطلحات الاعلامية
969,global beam,تغطية كاملة يغطّيه الأقمارالاصطناعية الذي قمرمن تغطية,معجم المصطلحات الاعلامية
970,global village,قرية (ال..)العالمّة الارض ب بالكلمات العريصة وشرحهاء هو معجم أو بالمصطلح),معجم المصطلحات الاعلامية
971,glossy magazine ale,فاخرة,معجم المصطلحات الاعلامية
972,glossy paper,صقيل ورق,معجم المصطلحات الاعلامية
973,goa! setting,تحديد الأهداف,معجم المصطلحات الاعلامية
974,gold record God ee,أسطوانة10 الذهبية,معجم المصطلحات الاعلامية
975,golden time,ساعة (الفترة ال يكون فيها الاستماع أو المشاهدة في أقصى,معجم المصطلحات الاعلامية
976,gonzo journalism,صحافة انطباعيّة مزاحية موضرعية) غالبا,معجم المصطلحات الاعلامية
977,good broadcasing,إذاعي صوت (صالح للإذاعة),معجم المصطلحات الاعلامية
978,good for printing,مرافقة على,معجم المصطلحات الاعلامية
979,good name,سبعة ذ يوع المليت,معجم المصطلحات الاعلامية
980,gossip,قبل (ال...) والقال (ثرثرة أخبار الناس على سبيل التسلية»,معجم المصطلحات الاعلامية
981,gossip column,أخبار النا خبار الناس ناطق (ال,معجم المصطلحات الاعلامية
982,government,"الحكوهي (الشخص يتحدّث أو يصرّح باسم ويُطلق عليه أحيانا اسم ""مصدر مأذون”)",معجم المصطلحات الاعلامية
983,grace (subscriptions),مدّة الإمهال,معجم المصطلحات الاعلامية
984,grant; grant: aid,مالية مبحة: مساعدة في ميدان الإعلام» مساعدة ماليّة الذولة (هيء للصحافة),معجم المصطلحات الاعلامية
985,graph Bahr,بياي» رسم,معجم المصطلحات الاعلامية
986,graphic arts,فنون (ال...)التخطيطية,معجم المصطلحات الاعلامية
987,grass roots (coed!,شعبويّة,معجم المصطلحات الاعلامية
988,gravelogue,فلم سياحي,معجم المصطلحات الاعلامية
989,gross audience,مجموع المتابعين (عدد المستمعين والمشاهدين الذين تابعوا برنايجا أو إعلانا مرة أو أكثر),معجم المصطلحات الاعلامية
990,ground noise,خلفية ضوضاء,معجم المصطلحات الاعلامية
991,groundless report,أساس نخبر هلا,معجم المصطلحات الاعلامية
992,group advertising;,إعلان,معجم المصطلحات الاعلامية
993,group behaviour,سلوك الجماعة,معجم المصطلحات الاعلامية
994,group,تواصل,معجم المصطلحات الاعلامية
995,group interviewing,مقابلة جماعيّة,معجم المصطلحات الاعلامية
996,group leader,قائد الجماعة,معجم المصطلحات الاعلامية
997,group listening,بتماعي استماع,معجم المصطلحات الاعلامية
998,group papers,جموعة صحفية,معجم المصطلحات الاعلامية
999,group shot,لقطة جماعية,معجم المصطلحات الاعلامية
1000,guidebook,دليل,معجم المصطلحات الاعلامية
1001,guided interview,مقابلة موجهة,معجم المصطلحات الاعلامية
1002,guideline te,تعليمات خط السلوك,معجم المصطلحات الاعلامية
1003,gutter news wot,الفضائح,معجم المصطلحات الاعلامية
1004,gutter press,صحافة الفضائح,معجم المصطلحات الاعلامية
1005,half column,لصفل عمود,معجم المصطلحات الاعلامية
1006,half-page,صف صفحة,معجم المصطلحات الاعلامية
1007,handbill; handout,منشور,معجم المصطلحات الاعلامية
1008,handout journalism,صحافة مرتزقة زعمقوياة'0,معجم المصطلحات الاعلامية
1009,hanging sign,معلقة) ولو حة,معجم المصطلحات الاعلامية
1010,hansard (U.K.);,جريدة (ال...)الرسيية,معجم المصطلحات الاعلامية
1011,happening,واقعة,معجم المصطلحات الاعلامية
1012,hard advertising,"إعلان, إشهار",معجم المصطلحات الاعلامية
1013,hard copy,طبعة الحاسوب م (نسخة مطبوعة لنص صفف بالخاسوب),معجم المصطلحات الاعلامية
1014,hard hitting article,مقال مثير,معجم المصطلحات الاعلامية
1015,hard news,أخبار ثقيلة على أخبار (أحبار شديدة شديدة الوطأة الوطأة على النفس),معجم المصطلحات الاعلامية
1016,hardcover edition dab,مجلّدة,معجم المصطلحات الاعلامية
1017,hardware,معدّات إعلامية,معجم المصطلحات الاعلامية
1018,head ly,رئيسء راس,معجم المصطلحات الاعلامية
1019,head of column,رأس العمود,معجم المصطلحات الاعلامية
1020,head of page,رأس الصفحة,معجم المصطلحات الاعلامية
1021,head office; head,إدارة مركزية ومكنبها الأسا الإادارة المركزي,معجم المصطلحات الاعلامية
1022,head shot; shot,هويّة,معجم المصطلحات الاعلامية
1023,heading,"ستهلاك, (ركن)",معجم المصطلحات الاعلامية
1024,headline pe,(مانشيت) (هو العنوان الرئيسي الأول الذي يحتل مكان الصّدارة) عنارين بارزة,معجم المصطلحات الاعلامية
1025,headline writer ph,عناوين),معجم المصطلحات الاعلامية
1026,headpiece,وأس الصفحة ف أعلى الصحفة),معجم المصطلحات الاعلامية
1027,headroom,الشاشة (هو الفراغ الفاصل أعلى الشاشة ورأس الأخجبار في التلفزة؛ والذي يجب أن يحافظ عليه الكاميرة مدير الصورة),معجم المصطلحات الاعلامية
1028,hearing in camera,جلسة مفلقة,معجم المصطلحات الاعلامية
1029,hearing in public,جلسة عموميّة,معجم المصطلحات الاعلامية
1030,hearsay,شائعة,معجم المصطلحات الاعلامية
1031,heated debate,جدال,معجم المصطلحات الاعلامية
1032,herald,رصولء هتاد,معجم المصطلحات الاعلامية
1033,high angle shot Hb,لقطة,معجم المصطلحات الاعلامية
1034,high resolution,فائقة,معجم المصطلحات الاعلامية
1035,high-definition (TV) GU,تلفاز الوضووح,معجم المصطلحات الاعلامية
1036,high-key picture,صورة وضاءة,معجم المصطلحات الاعلامية
1037,highlight,حدث بارز,معجم المصطلحات الاعلامية
1038,cinematography high-speed call,سريعة (في التصوير السينمائي),معجم المصطلحات الاعلامية
1039,hit movie; vidéo,فلمء تسجيل هرئي (أغنية ني ذورة,معجم المصطلحات الاعلامية
1040,hoarding,لوحة إعلانيّة,معجم المصطلحات الاعلامية
1041,hoarding site,(مكان لإلصاق الإعلانات),معجم المصطلحات الاعلامية
1042,hoax,أكذوبة,معجم المصطلحات الاعلامية
1043,home edition ule,طبعة,معجم المصطلحات الاعلامية
1044,home ile,أخبار,معجم المصطلحات الاعلامية
1045,home video maker,هاوي التسجيل (فديو),معجم المصطلحات الاعلامية
1046,horror (film),فلم رعب,معجم المصطلحات الاعلامية
1047,hotline Ser,"خط ساخين, مباشرء الاسعال",معجم المصطلحات الاعلامية
1048,hot media,وسيلة إعلان ساءعنة,معجم المصطلحات الاعلامية
1049,hot news Aste,أخبار,معجم المصطلحات الاعلامية
1050,hot number wer,عدد,معجم المصطلحات الاعلامية
1051,hot release,حديثاً صدر (آخبر إصدار),معجم المصطلحات الاعلامية
1052,house journal,المؤمسة جريدة,معجم المصطلحات الاعلامية
1053,house style,أسلوب المؤسسة,معجم المصطلحات الاعلامية
1054,identification,تعريف (اسم أو صورة أو علامة للتعريف بكاتب,معجم المصطلحات الاعلامية
1055,idlot sheet; copy,بطافة تلكير,معجم المصطلحات الاعلامية
1056,Idoor advertising,إعلان داخخلي القومية (إعلان في الملاعب والبئايات,معجم المصطلحات الاعلامية
1057,illicit advertising,إعلان غير مشووع,معجم المصطلحات الاعلامية
1058,filicit publication,نشرة غير مشروعة,معجم المصطلحات الاعلامية
1059,ilt-informed,المعلومات ش (مصدر,معجم المصطلحات الاعلامية
1060,Hluminated sign iy»,إبضاحيّة صورة,معجم المصطلحات الاعلامية
1061,Image,صورة,معجم المصطلحات الاعلامية
1062,cue (TV),الاستعجال إشارة أو الأخبار إل وصول علامة ضولية صوئية تبه مقدم ذي أمية كبيرة وعاحلة),معجم المصطلحات الاعلامية
1063,Immoral ack,بالآداب العامة 5لا,معجم المصطلحات الاعلامية
1064,impact method,الأثر دراسة (دراسة وقع المنطابات أو الإعلانات أو المقالات على ابلمهور),معجم المصطلحات الاعلامية
1065,impressario,(وكيل فرقة,معجم المصطلحات الاعلامية
1066,impression,اتطباع,معجم المصطلحات الاعلامية
1067,imprint,معلن,معجم المصطلحات الاعلامية
1068,fl,رائج,معجم المصطلحات الاعلامية
1069,in camera; behind,"م"" (احتماع حلش أبواب مغلقة)",معجم المصطلحات الاعلامية
1070,in course of issue pa,(على,معجم المصطلحات الاعلامية
1071,in focus,وجلي لأنه العدسة وتحت الأضواء واضح في بورة الساطعة),معجم المصطلحات الاعلامية
1072,in picture; in vision,الصورة مجال,معجم المصطلحات الاعلامية
1073,in press,قَيْد الطبع,معجم المصطلحات الاعلامية
1074,in print edition,مُتوافرة طبعة السوقء» غير تافدة),معجم المصطلحات الاعلامية
1075,Inaccurate news,خبر كاذب خبر غير دقيق,معجم المصطلحات الاعلامية
1076,incomplete:,ناقص (غير غير ناحز),معجم المصطلحات الاعلامية
1077,in-depth eed,مفصل» د فهرس و,معجم المصطلحات الاعلامية
1078,indirect lighting,إضاءة غير,معجم المصطلحات الاعلامية
1079,Inflight,بالطائوة عرض بالطائر,معجم المصطلحات الاعلامية
1080,inflight movies,أفلام الطائرة (الأفلام المعروضة بالطائرة),معجم المصطلحات الاعلامية
1081,informal interviewing,مقابلة مفتوحة يتم دون التقيد بأسئلة جاهزة أو محاور مسبقة) ش,معجم المصطلحات الاعلامية
1082,informant;,مستطلع,معجم المصطلحات الاعلامية
1083,information,إعلام استعلامات,معجم المصطلحات الاعلامية
1084,information center ule,ركز مركر م,معجم المصطلحات الاعلامية
1085,information flow,تدفق الأخبار ٠.,معجم المصطلحات الاعلامية
1086,information law osu,الإعلام,معجم المصطلحات الاعلامية
1087,information provider,مُخبر إن مختلف الحالات الإعلاميّة),معجم المصطلحات الاعلامية
1088,information retrieval,بحث وثائقي,معجم المصطلحات الاعلامية
1089,informer pe,المختلفة,معجم المصطلحات الاعلامية
1090,informercial,إعلان إخباري,معجم المصطلحات الاعلامية
1091,infotainment,برنامج معلومات وتسلية,معجم المصطلحات الاعلامية
1092,infringement of,انتهاك حق تزوير,معجم المصطلحات الاعلامية
1093,ingenue,مبتدئة,معجم المصطلحات الاعلامية
1094,inlay; keyed insert,دمج (نص في صورة),معجم المصطلحات الاعلامية
1095,input,قابس,معجم المصطلحات الاعلامية
1096,Inquirer,مُحقّق,معجم المصطلحات الاعلامية
1097,inquiry,تحفيق,معجم المصطلحات الاعلامية
1098,insert shot,لقطة 6م,معجم المصطلحات الاعلامية
1099,insert title,فرعي عنوان,معجم المصطلحات الاعلامية
1100,insertion footage,طول اللقطات المقحمة «بالأقدام»,معجم المصطلحات الاعلامية
1101,insertion inserti schedule,جدول الإمراج (حدول إدراج في وسائل الإعلام),معجم المصطلحات الاعلامية
1102,instantaneous,صورة ة فورية فور,معجم المصطلحات الاعلامية
1103,in onal image;,إعلان ال المؤسسة,معجم المصطلحات الاعلامية
1104,instructional,تعليميّة,معجم المصطلحات الاعلامية
1105,instrument,أداة,معجم المصطلحات الاعلامية
1106,intelligence,استخبارات,معجم المصطلحات الاعلامية
1107,intended audience,جمهور,معجم المصطلحات الاعلامية
1108,interactive television,تلفزة تفاعلية,معجم المصطلحات الاعلامية
1109,intercom,خلي,معجم المصطلحات الاعلامية
1110,intercomminication,(اتصال,معجم المصطلحات الاعلامية
1111,intercut thd) Loris,لقطة,معجم المصطلحات الاعلامية
1112,interface,(وحدة ف الحاسوب تصل برنابجين أو حهازين لتبادل بين ا معطيات),معجم المصطلحات الاعلامية
1113,interference,تشويش,معجم المصطلحات الاعلامية
1114,interior shooting,داخلي تصوير,معجم المصطلحات الاعلامية
1115,intermission film seu,فلم,معجم المصطلحات الاعلامية
1116,internal affairs,شؤون داخلية,معجم المصطلحات الاعلامية
1117,International serials aur,نظام سلاسل الدولي,معجم المصطلحات الاعلامية
1118,international,رقم المعياري للكتاب رقم يعرف ويشخص كل كتاب على الصعيد الدولي),معجم المصطلحات الاعلامية
1119,international,رقم سلاسل,معجم المصطلحات الاعلامية
1120,International,ال الذولية,معجم المصطلحات الاعلامية
1121,interpretive,صححافة الرأي يغلب فيها فيها الرأي الرأي والتحليل على الأخخبار والأنبا,معجم المصطلحات الاعلامية
1122,ob pe,داخبلي,معجم المصطلحات الاعلامية
1123,Interview,مقابلة,معجم المصطلحات الاعلامية
1124,interviewee ey,الشخحص الذي عليه الأسلة المقابلة) في,معجم المصطلحات الاعلامية
1125,interviewer,الشخص الذي يُطرّح الأسعلة المقابلة) في,معجم المصطلحات الاعلامية
1126,interviewing ois,المقابلة,معجم المصطلحات الاعلامية
1127,in-transit media,صحافة المسافرين (حرائد وبملات لمديها شركة النقل للمسافرين عبر خطرطها),معجم المصطلحات الاعلامية
1128,introduction eat,إصدار,معجم المصطلحات الاعلامية
1129,introductory offer,هديّة الإصدار,معجم المصطلحات الاعلامية
1130,inverted pyramid,(ال..)المقلوب هرم المسشحدات),معجم المصطلحات الاعلامية
1131,investigative,صحافة التحقيقات,معجم المصطلحات الاعلامية
1132,invisible cut; we ij,خفي,معجم المصطلحات الاعلامية
1133,iris aperture,فتحة السلجاف ذال,معجم المصطلحات الاعلامية
1134,irisin,قح دائري,معجم المصطلحات الاعلامية
1135,jris out ge,دائري,معجم المصطلحات الاعلامية
1136,irony journalism,صحافة ساخرة,معجم المصطلحات الاعلامية
1137,issue audience,العدد (دورية),معجم المصطلحات الاعلامية
1138,item,"هقال, موضوع",معجم المصطلحات الاعلامية
1139,jam packed paper Bus,بالأحداث جريدة حافلة بالأحداث,معجم المصطلحات الاعلامية
1140,jammer the,تشويش,معجم المصطلحات الاعلامية
1141,jamming,تشويش,معجم المصطلحات الاعلامية
1142,jingle,لازمة إعلاتية» لازمة إشهارية,معجم المصطلحات الاعلامية
1143,joint advertising,إعلان مشترك المشا ركون فيه تسديد نفقاته),معجم المصطلحات الاعلامية
1144,joint declaration Oly,مشترك,معجم المصطلحات الاعلامية
1145,joint venture,مشترّك مشروع,معجم المصطلحات الاعلامية
1146,journal pr,صححيفة»,معجم المصطلحات الاعلامية
1147,journalese,أسلوب صحفي,معجم المصطلحات الاعلامية
1148,journalism Bro,دراسة الصحافة,معجم المصطلحات الاعلامية
1149,journalist; reporter,صحفي,معجم المصطلحات الاعلامية
1150,journalist statut,قانون الصحئي وضع عل,معجم المصطلحات الاعلامية
1151,journalistcard,بطاقة المتحفي,معجم المصطلحات الاعلامية
1152,journalistic campaign Ue,صحفية,معجم المصطلحات الاعلامية
1153,journalists’ council ins otal,مجلس الصحفين (هيئة تدافع في آداب المهنة» عن,معجم المصطلحات الاعلامية
1154,journalists’ union,نقابة الأساس للصحفيين) تنظيم يدافع في عن المصالح,معجم المصطلحات الاعلامية
1155,journats(the) pas,الجلسات,معجم المصطلحات الاعلامية
1156,judicial deposit,إبداع(ال...) القضائي يقضي بإبداع كل حريدة لدى الابتدائية نسخ من لإطلاع العامة على 0م06,معجم المصطلحات الاعلامية
1157,jump,انقطاع مفاجئ,معجم المصطلحات الاعلامية
1158,jump cut; shot cut,قفرة في التصوير إشارة قلب الصفحة أو (إشارة في صحيفة القارئ على صفحة لاحقة لمتابعة,معجم المصطلحات الاعلامية
1159,just published,أخيراً صدر,معجم المصطلحات الاعلامية
1160,keep in the dark,خير,معجم المصطلحات الاعلامية
1161,keeper,مقال ل احتياطى» برنامج,معجم المصطلحات الاعلامية
1162,keeper of the records,مقرّرء كاتب طبصلا,معجم المصطلحات الاعلامية
1163,key,"مفتاح» زر إشارة, كتاب الأحوبة) كناب",معجم المصطلحات الاعلامية
1164,key light,إضاءة رئيسية,معجم المصطلحات الاعلامية
1165,key shot,لقطةرئيسة,معجم المصطلحات الاعلامية
1166,key title,المفتاح,معجم المصطلحات الاعلامية
1167,keyhole journalism Dire,الفضائ صصحافة لا تراعي على أسرار المشاهير الشخصية وتنشرها إشباعا لفضول القراء»,معجم المصطلحات الاعلامية
1168,keyword cit,كلمة,معجم المصطلحات الاعلامية
1169,kicker edhe,ل» صورة» ان عنوان صورة عنو مثير,معجم المصطلحات الاعلامية
1170,Kill passage(to),أسقط ففرة كشك ناقد شرس,معجم المصطلحات الاعلامية
1171,knockof copy;,عقال غير مقبول,معجم المصطلحات الاعلامية
1172,know-how,دراية,معجم المصطلحات الاعلامية
1173,knowledge,معرفة(ال...2),معجم المصطلحات الاعلامية
1174,label UE le,"علامة تجارية,",معجم المصطلحات الاعلامية
1175,music track PP,صوت هجاء,معجم المصطلحات الاعلامية
1176,lampoon; satire,لغة,معجم المصطلحات الاعلامية
1177,lapel mike,لاقط,معجم المصطلحات الاعلامية
1178,lapse of copyright ASS,سقوط حقرق تسقط التأليف حقوق بعد حمسين سنة على وفاة,معجم المصطلحات الاعلامية
1179,large circulation,انتشار واسع حريدة تطبع كبيرا النسخ) وتوزع وتبيع عددا من,معجم المصطلحات الاعلامية
1180,screen,شاشة عريضة,معجم المصطلحات الاعلامية
1181,laser,ليزر (أشعة فائقة الت ركيز),معجم المصطلحات الاعلامية
1182,last telecast (TV),برنامج(ال...) الأخير طبعة (ال...)الأخيرة,معجم المصطلحات الاعلامية
1183,(TV),فترة الركود تكون عموماء هذه الفترة بعد منتصف الليل وفيها ينحفض عدد لمتابعين),معجم المصطلحات الاعلامية
1184,fatest news pT,أخبار ساعة عل,معجم المصطلحات الاعلامية
1185,launching campaign,حملة الاصدار,معجم المصطلحات الاعلامية
1186,ceremony,حفل الإصدار,معجم المصطلحات الاعلامية
1187,interstitial,برنامج وبط برنامج لملء الفراغ برناحين وغالبا ما يكون بين,معجم المصطلحات الاعلامية
1188,influential paper,جريدة ذات نفو,معجم المصطلحات الاعلامية
1189,cy‏,ميكا بايت يساوى كيلو بايت يساوى ميكا بايت مليار وأكثر الوحدات انتشارأ هى وحدة الميكا بايت لحساب أو وحدة التخزين الأساسية فى الحاسوب الصغير,معجم المصطلحات الاعلامية
1190,mpbiet format. compile artitles on,والإبداع بواسطة تكنولوجيا الاتصالات والمعلومات الصناعية المعاصرة على المعلومات للفكر الذكاء الإنساتي وتغيير التى بصورة خاصة الذى عاملا فى مجتمع المعلومات حاسما شكل إلى هذا الارتقاء أن يجب ولابد على شكل ما من أشكال الإبداع الإنساني دفع و الستة التاسعة ف,معجم المصطلحات الاعلامية
1191,OG sh Ne,و,معجم المصطلحات الاعلامية
1192,Cony,عداو لائحة ائحة التوزيع ي»,معجم المصطلحات الاعلامية
1193,line (product),إنتاج,معجم المصطلحات الاعلامية
1194,ce,٠. عم ربط الإرسال,معجم المصطلحات الاعلامية
1195,location director,لخ,معجم المصطلحات الاعلامية
1196,communication,الصغيرة جدأ فى نقل المعلومات فى نمط ثنائى وحدة قياس سرعة المعلومات والاتصالات الرقمية السنة التاسعة ف,معجم المصطلحات الاعلامية
1197,"fa) LY ato Aw, uy ON OR",ل لعي ل,معجم المصطلحات الاعلامية
1198,letterhead,#آ,معجم المصطلحات الاعلامية
1199,oo,الإذاعة والتلفزة),معجم المصطلحات الاعلامية
1200,Cyberspace‏,فضاء صناعى حول العالم بواسطة الحاسوب التكنولوجية المتقدمة والتى تسمى تكنولوجيا ١ والمصطلح المذكور يعود أساسا إلى مصطلح الأحسسن تسميتها البنية الأساسية لمعلومات العولمة الأخرى لهذه البيئة فهى تصنع تشتمل على كل من الفاكس وكذلك برامج المنوعات الراديو والتلفزيون دمجها أو تكاملها وعدم اشسارات إلى استخدام جميع عمليات ترميز البيانات شسكل رقمية لغرض عملها بواسطة المعانى الشاملة بصورة خاصة المعلومات الرقمية بتحديد المتطابقة والستقدم الكبير الآخر يتمثل فى قدرة ء للأرقام غيسر المحدودة فى الوقت ذاته ومن دون فقدان الأصل مجلة البحوث الاعلامية,معجم المصطلحات الاعلامية
1201,EPH ale,البحوث الاشلامية العدد,معجم المصطلحات الاعلامية
1202,LOSES ES,بشني وار م,معجم المصطلحات الاعلامية
1203,lead actor tenemay du,الأول» دور (ال...)الأول,معجم المصطلحات الاعلامية
1204,re),بقة ة كة الشفاه الشفاه الصر ث فلم) حجر,معجم المصطلحات الاعلامية
1205,"ye, a, io)",ون فا ل,معجم المصطلحات الاعلامية
1206,bale‏ aly”‏,المبدئية الأولية أي للحاسوب يعبر بايت يساوى حرف كيلو بايت يساوى بايت بايت,معجم المصطلحات الاعلامية
1207,cople remaniée pour I'édition suivante,م,معجم المصطلحات الاعلامية
1208,on,فى القصة المقال النص أو أو الفيديو حيث الطول من والمساحة المطلوبة من تقطبيع المسجل عليه ذاته أخذت من آلتى تصوير ومن ثم تظهر الصورة السنة العاسعة ف,معجم المصطلحات الاعلامية
1209,ga Seah wey,(إضريبة تسةك تستخلصها في مالكي الدولة بعض البلدان من أجهزة التلفاز),معجم المصطلحات الاعلامية
1210,of ale Ke,لد ال ل,معجم المصطلحات الاعلامية
1211,Authority,هيأة الإذاعة,معجم المصطلحات الاعلامية
1212,union al),اتحاد إذاعات الدول الوكالة التونسية للإنترنت شبكة تلفزيون آسيا هيأة الإذاعة البريطائية الإذاعة الفضائية البريطانية مجلس المقاييس الإذاعة الفضائية البريطائية مؤسسة الاتصالات الإذاعيد مصطلحات اتصالية وإعلامية بتة الثنائى مصطلح يشير إلى العناصر تقليص الرقم فى مشل أو تكنولوجيا النقل البتة فى الثانية الواحدة هى,معجم المصطلحات الاعلامية
1213,fight and sound show pally,عُررْض المئوت,معجم المصطلحات الاعلامية
1214,byte can therefore have different,"الفضاء الصنعى جزء من بيئة الاتصالات المعلومات المتقدمة المعاصرة البناء الأساسى للمعلومات القومية التى من والسبب لأنها ذات منظر عالمى العناصر المادية والبرمجيات جميع تلك التى تملك قدرة دمج الوظائف. ,للع المرئيات معلومات الفيديى فى صيغة( ٠ ٠ الحاسوبية واستخدامها لتطبيقات وسائط الإعلام غير مترابطة وهى تلك المعلومات الرقمية على التطابق المزدوج. أى شىء من كفائتها فى علاقتها مع السنة التاسعة ف العدد المردوج",معجم المصطلحات الاعلامية
1215,oe listening habits,عادات الاستماع,معجم المصطلحات الاعلامية
1216,corporation,هيأة الإذاعة اتحاد إذاعات وكالة للسثقافة والتعاون ىنقتلا وكالة الصحافة الفرنسية راديى عموم الهند مجتمع المعلومات الافريقى وكالة التلفزيون العالمية جمعية امريكا اللاتينية للتعليم الجمعيسة العالميسة لإذاعسات هيأةٌ الإعلام العربى مركسز المعسلومات وبحسوث الاتصال جمعية للاتصال المتقدم خدمة الصحافة الجزائرية وتلفزيون العرب,معجم المصطلحات الاعلامية
1217,law,قانرن,معجم المصطلحات الاعلامية
1218,law report,أخبار فضائية,معجم المصطلحات الاعلامية
1219,layout; make-up,إخراج (صفحات الكريدة),معجم المصطلحات الاعلامية
1220,layout artist,(صفحات,معجم المصطلحات الاعلامية
1221,Ia tat,مصممء ترج,معجم المصطلحات الاعلامية
1222,lead,استهلاك: مقال,معجم المصطلحات الاعلامية
1223,lead headline,الصّدارة عنوان يتصدّر أو عنوان رئيسي عريض الصفحة جريدة من,معجم المصطلحات الاعلامية
1224,lead story,مقال,معجم المصطلحات الاعلامية
1225,tead time,أجل التسليم,معجم المصطلحات الاعلامية
1226,leader,بطل (ال...) كناية الذي بالدور الأول» البطولة» عن يقوم دور,معجم المصطلحات الاعلامية
1227,lead-in,مدخل,معجم المصطلحات الاعلامية
1228,leading article,مقال (ال...) الافتتاحي,معجم المصطلحات الاعلامية
1229,leading question,سؤال مُغرض,معجم المصطلحات الاعلامية
1230,leaflet,منشور (ج. منشورات),معجم المصطلحات الاعلامية
1231,leak,تسراب,معجم المصطلحات الاعلامية
1232,learned journal,صحافة علمية,معجم المصطلحات الاعلامية
1233,tecture(a..),مخاضرة,معجم المصطلحات الاعلامية
1234,left-hand page,البسرى,معجم المصطلحات الاعلامية
1235,leg man pe,صحفي واقعة أو حدث),معجم المصطلحات الاعلامية
1236,legal deposit;,إبداع (ال...)القانو (هر إبداع عدد معين السخ عند إصدار: كتب» من بطائق بريدية؛ أسطوانات... لدى المكتبة الوطنية),معجم المصطلحات الاعلامية
1237,legal notes,إعلانات قانونيّة,معجم المصطلحات الاعلامية
1238,legal notices,إعلانات حكوميّة,معجم المصطلحات الاعلامية
1239,legend (eredly,مفتاح,معجم المصطلحات الاعلامية
1240,Jeisure time Al,ركن,معجم المصطلحات الاعلامية
1241,length,طول,معجم المصطلحات الاعلامية
1242,lens,غَدّسة و,معجم المصطلحات الاعلامية
1243,letters to the editor,بريد,معجم المصطلحات الاعلامية
1244,tevel,مستوى,معجم المصطلحات الاعلامية
1245,liability,مخاطر المهنة المسؤولية الي قد يتعرض لا المرء قيامه بواحيات بسبب,معجم المصطلحات الاعلامية
1246,libel action,قذاف دعرى,معجم المصطلحات الاعلامية
1247,library,مكتبة,معجم المصطلحات الاعلامية
1248,library edition,طبعة مجلدة (طبعة بغلاف مقرّىء بالمكتبات العامة في توضم متناول القراء),معجم المصطلحات الاعلامية
1249,library music Mme,هوسيقى موسرقا,معجم المصطلحات الاعلامية
1250,license,إجازة,معجم المصطلحات الاعلامية
1251,lickert scale,ملم في عمايّة,معجم المصطلحات الاعلامية
1252,lifestyle,أساليب العيش (برنامج أو ركن بعادات المتمع وتقاليده ليلس يعن من طبخ وزينة,معجم المصطلحات الاعلامية
1253,light,جهاز الإنارة» م ضوء,معجم المصطلحات الاعلامية
1254,lighting,إضاءة,معجم المصطلحات الاعلامية
1255,limited edition,طبعة (التسخ) محدودة,معجم المصطلحات الاعلامية
1256,limited rights,حقوق محدودة تأليف بلد معيّن أو بحال حقوق في في,معجم المصطلحات الاعلامية
1257,shotgun one:,سلكي,معجم المصطلحات الاعلامية
1258,lineage,أجر,معجم المصطلحات الاعلامية
1259,lineup,الجريدة إلى وترتيب موادها وتنسيق,معجم المصطلحات الاعلامية
1260,lipsynch gat,تزهين مع,معجم المصطلحات الاعلامية
1261,list dod,دليل,معجم المصطلحات الاعلامية
1262,fist,قائمة مراجع,معجم المصطلحات الاعلامية
1263,listening shot;,أقطة استما ا لقطة لشخص يظهر على الشاشة وهو وضع الاستماع) في,معجم المصطلحات الاعلامية
1264,listening time,وقت الاستماع,معجم المصطلحات الاعلامية
1265,literacy,محو الأميّة,معجم المصطلحات الاعلامية
1266,literary column,ركن الأدب,معجم المصطلحات الاعلامية
1267,literary criticism,نقدرال...) الأدي,معجم المصطلحات الاعلامية
1268,literary programme,أدبي برنامج,معجم المصطلحات الاعلامية
1269,literary property,ملكية أدبية,معجم المصطلحات الاعلامية
1270,literature,مطبوعات؛ أدبيات,معجم المصطلحات الاعلامية
1271,live,مباشر,معجم المصطلحات الاعلامية
1272,live broadcast,برنامج مباشر,معجم المصطلحات الاعلامية
1273,live coverage phe,نقل,معجم المصطلحات الاعلامية
1274,five on tape,تسجيل هباشر,معجم المصطلحات الاعلامية
1275,five shooting,صوت مباشر,معجم المصطلحات الاعلامية
1276,five sound,تصوير مباشر,معجم المصطلحات الاعلامية
1277,live transmission,تقل هباشر,معجم المصطلحات الاعلامية
1278,lobby,دائرة الضّغط (لوي),معجم المصطلحات الاعلامية
1279,lobbying fatal,تقنيات حليّة,معجم المصطلحات الاعلامية
1280,focal channel (TV) ale,قناة (في التلفزة),معجم المصطلحات الاعلامية
1281,local correspondent it,هراسل,معجم المصطلحات الاعلامية
1282,local issue,طبعة إقليمية,معجم المصطلحات الاعلامية
1283,local Git,أخبار,معجم المصطلحات الاعلامية
1284,focal paper,صحيفة إقليمية,معجم المصطلحات الاعلامية
1285,local programme,محلي برنامج,معجم المصطلحات الاعلامية
1286,local supplement gt,ملحق,معجم المصطلحات الاعلامية
1287,jocation gre,التصوير (مَوْقع للتصوير الاستودير) التصوير مدير,معجم المصطلحات الاعلامية
1288,location shooting,تصوير,معجم المصطلحات الاعلامية
1289,focation(on),في التصوير,معجم المصطلحات الاعلامية
1290,fog-book,قائمة المشاهد المصوّرة (سينماء تلفزة)» تفصيل مضمرن برنامج(في الإذاعة),معجم المصطلحات الاعلامية
1291,logo,شعار,معجم المصطلحات الاعلامية
1292,long focus lens Lee ab,قد عموقة البؤرة البو,معجم المصطلحات الاعلامية
1293,shot,لقطة لقطة,معجم المصطلحات الاعلامية
1294,long take,طويل تعريض تعريض شريط فوتوغراق للضوء لمدة,معجم المصطلحات الاعلامية
1295,long wave,موجة(ال...)الطويلة,معجم المصطلحات الاعلامية
1296,long-term,اشتراك مُديد (طويل المدّة),معجم المصطلحات الاعلامية
1297,loud,بصوات بتهير,معجم المصطلحات الاعلامية
1298,loudspeaker,الصموت,معجم المصطلحات الاعلامية
1299,low,خالت بصوت,معجم المصطلحات الاعلامية
1300,low-angle; worm's,لقطة سفلية (تصوير نحت إلى فوق» من,معجم المصطلحات الاعلامية
1301,fower(to),صورة,معجم المصطلحات الاعلامية
1302,low-noise amplifier (Ss,الصورت لتكبر الصوت معان شاشة العرض أو نسبة مشهد يراد تصويره),معجم المصطلحات الاعلامية
1303,luxury edition,طبعة فاخرة,معجم المصطلحات الاعلامية
1304,lying advertising epi”,إعلان إشهار ش كاذب كلمات,معجم المصطلحات الاعلامية
1305,lyrics,(أغنية),معجم المصطلحات الاعلامية
1306,macroform,مكبر حجم,معجم المصطلحات الاعلامية
1307,made for act,خصيصا,معجم المصطلحات الاعلامية
1308,mag (magazine) ale,"ملحق الأسبوع بطاقة مغناطيسية, أسطوانة مغداطيسية",معجم المصطلحات الاعلامية
1309,magazine cover de,غلاف,معجم المصطلحات الاعلامية
1310,magazine we,البرامج (إذاعة تلفزة),معجم المصطلحات الاعلامية
1311,magazine rights,حقوق النشر باغجلات حقوق نشر مقال بعد أن تم نشره في حريدة),معجم المصطلحات الاعلامية
1312,magazine,أسبوعي ملحق تلحق غالبا هاية الأسبوع حريدة يومية) بعدد من,معجم المصطلحات الاعلامية
1313,magic hour,(ال..)السخرية فترة نضفي سحراً على المورة) الشروق»,معجم المصطلحات الاعلامية
1314,magnetic media Maal,وسائل الإعلام شرائط» بطائق),معجم المصطلحات الاعلامية
1315,magnetic track lis,بصريّة نسخة,معجم المصطلحات الاعلامية
1316,magpie effect,تسرب عام (تسرب مكتومة إلى,معجم المصطلحات الاعلامية
1317,magtab Lie Ue,تصفي» توفي عناية بنشر صور ذات الشخصيات المشهورة وأخبارها الحميمة وأسرارها بريد,معجم المصطلحات الاعلامية
1318,malt order,بالبريد,معجم المصطلحات الاعلامية
1319,mail order,نشرة بالبريد,معجم المصطلحات الاعلامية
1320,mailer,عبر (دليل أو مطوية البريد),معجم المصطلحات الاعلامية
1321,mailing,بالبريد إعلان,معجم المصطلحات الاعلامية
1322,mailing list,إلائحة,معجم المصطلحات الاعلامية
1323,mailing list profile,مواصفات المرسل إليهم,معجم المصطلحات الاعلامية
1324,main shot (cine),لقطة رئيسة,معجم المصطلحات الاعلامية
1325,main title,عنوان الصدارة (العنوان الأول الذي يتصدّر الأخبار),معجم المصطلحات الاعلامية
1326,maintenance crew,فريق,معجم المصطلحات الاعلامية
1327,major media,وسائل الإعلام الكبرى ف١ الصحافة والإذاعة والتلفزة والسيئما والإعلان),معجم المصطلحات الاعلامية
1328,majors (cine) 1S,كيار بار امنتجين» الأفلام السينمائية),معجم المصطلحات الاعلامية
1329,make; brand,علامة,معجم المصطلحات الاعلامية
1330,make read,لمسات (ال...)الأخبيرة (قبيل الطبع),معجم المصطلحات الاعلامية
1331,makegood,استدراك بحاي (إعلان يعاد إدراحه وقوع أخخطاء في الإصدا بعد مار أل وك,معجم المصطلحات الاعلامية
1332,make-over,نسخة معدلة لأحل (منقحة الطبعة القادمة),معجم المصطلحات الاعلامية
1333,makeu,إخراج م صحفي,معجم المصطلحات الاعلامية
1334,making-up,إخراج (صحافة),معجم المصطلحات الاعلامية
1335,malicious intent,خبيئة,معجم المصطلحات الاعلامية
1336,man on the street,رجل الشارع,معجم المصطلحات الاعلامية
1337,magnetic tape,شريط مُمَانط,معجم المصطلحات الاعلامية
